{
    "name": "root",
    "metadata": {
        "timer_format_version": "0.1.0",
        "start_time_seconds": "1712221477",
        "python_version": "3.9.16 (main, Mar  8 2023, 10:39:24) [MSC v.1916 64 bit (AMD64)]",
        "command_line_arguments": "C:\\Users\\nivle\\anaconda3\\envs\\mlagent_py3-9\\Scripts\\mlagents-learn ./ImitationLearningConfig.yaml --run-id 2024.04.04_Imitation_0 --resume",
        "mlagents_version": "0.30.0",
        "mlagents_envs_version": "0.30.0",
        "communication_protocol_version": "1.5.0",
        "pytorch_version": "1.7.1+cu110",
        "numpy_version": "1.21.2",
        "end_time_seconds": "1712221491"
    },
    "total": 13.2335484,
    "count": 1,
    "self": 0.012943899999999786,
    "children": {
        "run_training.setup": {
            "total": 0.06785420000000009,
            "count": 1,
            "self": 0.06785420000000009
        },
        "TrainerController.start_learning": {
            "total": 13.152750300000001,
            "count": 1,
            "self": 0.0004456000000008231,
            "children": {
                "TrainerController._reset_env": {
                    "total": 10.6159213,
                    "count": 1,
                    "self": 10.4036264,
                    "children": {
                        "demo_to_buffer": {
                            "total": 0.21229489999999984,
                            "count": 2,
                            "self": 8.839999999921133e-05,
                            "children": {
                                "load_demonstration": {
                                    "total": 0.011358100000000704,
                                    "count": 2,
                                    "self": 0.010984399999999894,
                                    "children": {
                                        "read_file": {
                                            "total": 0.0003737000000008095,
                                            "count": 2,
                                            "self": 0.0003737000000008095
                                        }
                                    }
                                },
                                "make_demo_buffer": {
                                    "total": 0.20084839999999993,
                                    "count": 2,
                                    "self": 0.03960569999994412,
                                    "children": {
                                        "steps_from_proto": {
                                            "total": 0.1612427000000558,
                                            "count": 1580,
                                            "self": 0.11646500000006021,
                                            "children": {
                                                "_process_rank_one_or_two_observation": {
                                                    "total": 0.04477769999999559,
                                                    "count": 3160,
                                                    "self": 0.04477769999999559
                                                }
                                            }
                                        }
                                    }
                                }
                            }
                        }
                    }
                },
                "TrainerController._save_models": {
                    "total": 2.5363834,
                    "count": 1,
                    "self": 0.0009568000000008681,
                    "children": {
                        "RLTrainer._checkpoint": {
                            "total": 2.535426599999999,
                            "count": 1,
                            "self": 2.535426599999999
                        }
                    }
                }
            }
        }
    }
}