{
    "name": "root",
    "gauges": {
        "PlayerBehaviour.Policy.Entropy.mean": {
            "value": 1.4297655820846558,
            "min": 1.4180034399032593,
            "max": 1.4297655820846558,
            "count": 17
        },
        "PlayerBehaviour.Policy.Entropy.sum": {
            "value": 14011.703125,
            "min": 2837.6513671875,
            "max": 45376.109375,
            "count": 17
        },
        "PlayerBehaviour.Environment.EpisodeLength.mean": {
            "value": 485.7,
            "min": 189.15,
            "max": 485.7,
            "count": 17
        },
        "PlayerBehaviour.Environment.EpisodeLength.sum": {
            "value": 9714.0,
            "min": 7566.0,
            "max": 11394.0,
            "count": 17
        },
        "PlayerBehaviour.Step.mean": {
            "value": 1519656.0,
            "min": 1359752.0,
            "max": 1519656.0,
            "count": 17
        },
        "PlayerBehaviour.Step.sum": {
            "value": 1519656.0,
            "min": 1359752.0,
            "max": 1519656.0,
            "count": 17
        },
        "PlayerBehaviour.Policy.ExtrinsicValueEstimate.mean": {
            "value": -0.4391044080257416,
            "min": -0.5493934154510498,
            "max": 0.26649245619773865,
            "count": 17
        },
        "PlayerBehaviour.Policy.ExtrinsicValueEstimate.sum": {
            "value": -8.782088279724121,
            "min": -15.161355018615723,
            "max": 7.9947733879089355,
            "count": 17
        },
        "PlayerBehaviour.Environment.CumulativeReward.mean": {
            "value": -9.766001391410828,
            "min": -10.727393316185992,
            "max": -8.85782706219217,
            "count": 17
        },
        "PlayerBehaviour.Environment.CumulativeReward.sum": {
            "value": -195.32002782821655,
            "min": -351.61999320983887,
            "max": -195.32002782821655,
            "count": 17
        },
        "PlayerBehaviour.Policy.ExtrinsicReward.mean": {
            "value": -9.766001391410828,
            "min": -10.727393316185992,
            "max": -8.85782706219217,
            "count": 17
        },
        "PlayerBehaviour.Policy.ExtrinsicReward.sum": {
            "value": -195.32002782821655,
            "min": -351.61999320983887,
            "max": -195.32002782821655,
            "count": 17
        },
        "PlayerBehaviour.IsTraining.mean": {
            "value": 1.0,
            "min": 1.0,
            "max": 1.0,
            "count": 17
        },
        "PlayerBehaviour.IsTraining.sum": {
            "value": 1.0,
            "min": 1.0,
            "max": 1.0,
            "count": 17
        },
        "PlayerBehaviour.Losses.PolicyLoss.mean": {
            "value": 0.015248732308100444,
            "min": 0.014629747574217618,
            "max": 0.01840918515692465,
            "count": 7
        },
        "PlayerBehaviour.Losses.PolicyLoss.sum": {
            "value": 0.015248732308100444,
            "min": 0.014629747574217618,
            "max": 0.01840918515692465,
            "count": 7
        },
        "PlayerBehaviour.Losses.ValueLoss.mean": {
            "value": 0.3555159112811089,
            "min": 0.3229612231254578,
            "max": 0.555186619857947,
            "count": 7
        },
        "PlayerBehaviour.Losses.ValueLoss.sum": {
            "value": 0.3555159112811089,
            "min": 0.3229612231254578,
            "max": 0.555186619857947,
            "count": 7
        },
        "PlayerBehaviour.Policy.LearningRate.mean": {
            "value": 8.496641503360002e-05,
            "min": 8.496641503360002e-05,
            "max": 8.621154378847001e-05,
            "count": 7
        },
        "PlayerBehaviour.Policy.LearningRate.sum": {
            "value": 8.496641503360002e-05,
            "min": 8.496641503360002e-05,
            "max": 8.621154378847001e-05,
            "count": 7
        },
        "PlayerBehaviour.Policy.Epsilon.mean": {
            "value": 0.18496640000000003,
            "min": 0.18496640000000003,
            "max": 0.18621153000000001,
            "count": 7
        },
        "PlayerBehaviour.Policy.Epsilon.sum": {
            "value": 0.18496640000000003,
            "min": 0.18496640000000003,
            "max": 0.18621153000000001,
            "count": 7
        },
        "PlayerBehaviour.Policy.Beta.mean": {
            "value": 0.004249823360000002,
            "min": 0.004249823360000002,
            "max": 0.004311955346999999,
            "count": 7
        },
        "PlayerBehaviour.Policy.Beta.sum": {
            "value": 0.004249823360000002,
            "min": 0.004249823360000002,
            "max": 0.004311955346999999,
            "count": 7
        }
    },
    "metadata": {
        "timer_format_version": "0.1.0",
        "start_time_seconds": "1712846566",
        "python_version": "3.8.19 (default, Mar 20 2024, 19:55:45) [MSC v.1916 64 bit (AMD64)]",
        "command_line_arguments": "C:\\Users\\timot\\anaconda3\\envs\\Python3-8ForMlagents\\Scripts\\mlagents-learn TimConfig.yaml --run-id=timRun3_2 --resume",
        "mlagents_version": "0.30.0",
        "mlagents_envs_version": "0.30.0",
        "communication_protocol_version": "1.5.0",
        "pytorch_version": "2.2.1+cpu",
        "numpy_version": "1.21.2",
        "end_time_seconds": "1712846936"
    },
    "total": 369.1744079,
    "count": 1,
    "self": 0.009207499999945412,
    "children": {
        "run_training.setup": {
            "total": 0.08570149999999988,
            "count": 1,
            "self": 0.08570149999999988
        },
        "TrainerController.start_learning": {
            "total": 369.07949890000003,
            "count": 1,
            "self": 0.05675249999899279,
            "children": {
                "TrainerController._reset_env": {
                    "total": 15.6801924,
                    "count": 1,
                    "self": 15.6801924
                },
                "TrainerController.advance": {
                    "total": 353.165362600001,
                    "count": 2213,
                    "self": 0.0587552000020537,
                    "children": {
                        "env_step": {
                            "total": 56.06019119999886,
                            "count": 2213,
                            "self": 46.499820000000916,
                            "children": {
                                "SubprocessEnvManager._take_step": {
                                    "total": 9.52430709999916,
                                    "count": 2213,
                                    "self": 0.2270454000002502,
                                    "children": {
                                        "TorchPolicy.evaluate": {
                                            "total": 9.29726169999891,
                                            "count": 1960,
                                            "self": 9.29726169999891
                                        }
                                    }
                                },
                                "workers": {
                                    "total": 0.03606409999878579,
                                    "count": 2213,
                                    "self": 0.0,
                                    "children": {
                                        "worker_root": {
                                            "total": 333.7134484999996,
                                            "count": 2213,
                                            "is_parallel": true,
                                            "self": 297.20751579999956,
                                            "children": {
                                                "steps_from_proto": {
                                                    "total": 0.0010478000000002652,
                                                    "count": 1,