{
    "name": "root",
    "metadata": {
        "timer_format_version": "0.1.0",
        "start_time_seconds": "1711811207",
        "python_version": "3.9.16 (main, Mar  8 2023, 10:39:24) [MSC v.1916 64 bit (AMD64)]",
        "command_line_arguments": "C:\\Users\\nivle\\anaconda3\\envs\\mlagent_py3-9\\Scripts\\mlagents-learn --run-id=trainingv1",
        "mlagents_version": "0.30.0",
        "mlagents_envs_version": "0.30.0",
        "communication_protocol_version": "1.5.0",
        "pytorch_version": "1.7.1+cu110",
        "numpy_version": "1.21.2",
        "end_time_seconds": "1711811314"
    },
    "total": 107.0334921,
    "count": 1,
    "self": 10.0062827,
    "children": {
        "run_training.setup": {
            "total": 0.039201100000000544,
            "count": 1,
            "self": 0.039201100000000544
        },
        "TrainerController.start_learning": {
            "total": 96.9880083,
            "count": 1,
            "self": 0.05740519999999094,
            "children": {
                "TrainerController._reset_env": {
                    "total": 13.937862599999999,
                    "count": 1,
                    "self": 13.937862599999999
                },
                "TrainerController.advance": {
                    "total": 82.75072610000001,
                    "count": 3307,
                    "self": 0.05638849999971285,
                    "children": {
                        "env_step": {
                            "total": 76.67262820000025,
                            "count": 3307,
                            "self": 52.944118900000575,
                            "children": {
                                "SubprocessEnvManager._take_step": {
                                    "total": 23.690676099999976,
                                    "count": 3308,
                                    "self": 0.1838147999997055,
                                    "children": {
                                        "TorchPolicy.evaluate": {
                                            "total": 23.50686130000027,
                                            "count": 3308,
                                            "self": 23.50686130000027
                                        }
                                    }
                                },
                                "workers": {
                                    "total": 0.03783319999969237,
                                    "count": 3306,
                                    "self": 0.0,
                                    "children": {
                                        "worker_root": {
                                            "total": 57.68994690000005,
                                            "count": 3306,
                                            "is_parallel": true,
                                            "self": 36.58136200000011,
                                            "children": {
                                                "steps_from_proto": {
                                                    "total": 0.0062816999999988354,
                                                    "count": 2,
                                                    "is_parallel": true,
                                                    "self": 0.0020333999999966323,
                                                    "children": {
                                                        "_process_rank_one_or_two_observation": {
                                                            "total": 0.004248300000002203,
                                                            "count": 4,
                                                            "is_parallel": true,
                                                            "self": 0.004248300000002203
                                                        }
                                                    }
                                                },
                                                "UnityEnvironment.step": {
                                                    "total": 21.102303199999945,
                                                    "count": 3306,
                                                    "is_parallel": true,
                                                    "self": 0.32290459999980925,
                                                    "children": {
                                                        "UnityEnvironment._generate_step_input": {
                                                            "total": 0.7426464000001509,
                                                            "count": 3306,
                                                            "is_parallel": true,
                                                            "self": 0.7426464000001509
                                                        },
                                                        "communicator.exchange": {
                                                            "total": 19.087233200000046,
                                                            "count": 3306,
                                                            "is_parallel": true,
                                                            "self": 19.087233200000046
                                                        },
                                                        "steps_from_proto": {
                                                            "total": 0.9495189999999383,
                                                            "count": 3306,
                                                            "is_parallel": true,
                                                            "self": 0.514668299999947,
                                                            "children": {
                                                                "_process_rank_one_or_two_observation": {
                                                                    "total": 0.43485069999999126,
                                                                    "count": 6612,
                                                                    "is_parallel": true,
                                                                    "self": 0.43485069999999126
                                                                }
                                                            }
                                                        }
                                                    }
                                                }
                                            }
                                        }
                                    }
                                }
                            }
                        },
                        "trainer_advance": {
                            "total": 6.0217094000000415,
                            "count": 3306,
                            "self": 0.07459299999963065,
                            "children": {
                                "process_trajectory": {
                                    "total": 2.0315146000004063,
                                    "count": 3306,
                                    "self": 2.0315146000004063
                                },
                                "_update_policy": {
                                    "total": 3.9156018000000046,
                                    "count": 2,
                                    "self": 2.269505500000001,
                                    "children": {
                                        "TorchPPOOptimizer.update": {
                                            "total": 1.6460963000000035,
                                            "count": 60,