{
    "name": "root",
    "gauges": {
        "PlayerBehaviour.Policy.Entropy.mean": {
            "value": 1.1455026865005493,
            "min": 1.1455026865005493,
            "max": 1.4189378023147583,
            "count": 33
        },
        "PlayerBehaviour.Policy.Entropy.sum": {
            "value": 26804.763671875,
            "min": 26804.763671875,
            "max": 37034.27734375,
            "count": 33
        },
        "PlayerBehaviour.Environment.EpisodeLength.mean": {
            "value": 120.86802030456853,
            "min": 67.03682719546742,
            "max": 121.8061224489796,
            "count": 33
        },
        "PlayerBehaviour.Environment.EpisodeLength.sum": {
            "value": 23811.0,
            "min": 23619.0,
            "max": 23908.0,
            "count": 33
        },
        "PlayerBehaviour.Step.mean": {
            "value": 791940.0,
            "min": 23930.0,
            "max": 791940.0,
            "count": 33
        },
        "PlayerBehaviour.Step.sum": {
            "value": 791940.0,
            "min": 23930.0,
            "max": 791940.0,
            "count": 33
        },
        "PlayerBehaviour.Policy.ExtrinsicValueEstimate.mean": {
            "value": 1.1104096174240112,
            "min": -2.978283643722534,
            "max": 1.2085566520690918,
            "count": 33
        },
        "PlayerBehaviour.Policy.ExtrinsicValueEstimate.sum": {
            "value": 218.75070190429688,
            "min": -1012.616455078125,
            "max": 251.37977600097656,
            "count": 33
        },
        "PlayerBehaviour.Environment.CumulativeReward.mean": {
            "value": 6.268189255961307,
            "min": -5.400966285968172,
            "max": 6.268189255961307,
            "count": 33
        },
        "PlayerBehaviour.Environment.CumulativeReward.sum": {
            "value": 1234.8332834243774,
            "min": -1863.3333686590195,
            "max": 1234.8332834243774,
            "count": 33
        },
        "PlayerBehaviour.Policy.ExtrinsicReward.mean": {
            "value": 6.268189255961307,
            "min": -5.400966285968172,
            "max": 6.268189255961307,
            "count": 33
        },
        "PlayerBehaviour.Policy.ExtrinsicReward.sum": {
            "value": 1234.8332834243774,
            "min": -1863.3333686590195,
            "max": 1234.8332834243774,
            "count": 33
        },
        "PlayerBehaviour.IsTraining.mean": {
            "value": 1.0,
            "min": 1.0,
            "max": 1.0,
            "count": 33
        },
        "PlayerBehaviour.IsTraining.sum": {
            "value": 1.0,
            "min": 1.0,
            "max": 1.0,
            "count": 33
        },
        "PlayerBehaviour.Losses.PolicyLoss.mean": {
            "value": 0.09983532900975099,
            "min": 0.09602494750919156,
            "max": 0.10288318201077158,
            "count": 32
        },
        "PlayerBehaviour.Losses.PolicyLoss.sum": {
            "value": 0.09983532900975099,
            "min": 0.09602494750919156,
            "max": 0.10288318201077158,
            "count": 32
        },
        "PlayerBehaviour.Losses.ValueLoss.mean": {
            "value": 2.637484660173984,
            "min": 1.851619208653768,
            "max": 3.5201252110799155,
            "count": 32
        },
        "PlayerBehaviour.Losses.ValueLoss.sum": {
            "value": 2.637484660173984,
            "min": 1.851619208653768,
            "max": 3.5201252110799155,
            "count": 32
        },
        "PlayerBehaviour.Policy.LearningRate.mean": {
            "value": 0.0002953805175398279,
            "min": 0.0002953805175398279,
            "max": 0.00029985573604808795,
            "count": 32
        },
        "PlayerBehaviour.Policy.LearningRate.sum": {
            "value": 0.0002953805175398279,
            "min": 0.0002953805175398279,
            "max": 0.00029985573604808795,
            "count": 32
        },
        "PlayerBehaviour.Policy.Epsilon.mean": {
            "value": 0.19846017200000007,
            "min": 0.19846017200000007,
            "max": 0.19995191199999995,
            "count": 32
        },
        "PlayerBehaviour.Policy.Epsilon.sum": {
            "value": 0.19846017200000007,
            "min": 0.19846017200000007,
            "max": 0.19995191199999995,
            "count": 32
        },
        "PlayerBehaviour.Policy.Beta.mean": {
            "value": 0.0009847557027999998,
            "min": 0.0009847557027999998,
            "max": 0.0009995239288000002,
            "count": 32
        },
        "PlayerBehaviour.Policy.Beta.sum": {
            "value": 0.0009847557027999998,
            "min": 0.0009847557027999998,
            "max": 0.0009995239288000002,
            "count": 32
        }
    },
    "metadata": {
        "timer_format_version": "0.1.0",
        "start_time_seconds": "1711909062",
        "python_version": "3.9.16 (main, Mar  8 2023, 10:39:24) [MSC v.1916 64 bit (AMD64)]",
        "command_line_arguments": "C:\\Users\\nivle\\anaconda3\\envs\\mlagent_py3-9\\Scripts\\mlagents-learn ./BasicConfig.yaml --run-id drifting1",
        "mlagents_version": "0.30.0",
        "mlagents_envs_version": "0.30.0",
        "communication_protocol_version": "1.5.0",
        "pytorch_version": "1.7.1+cu110",
        "numpy_version": "1.21.2",
        "end_time_seconds": "1711910273"
    },
    "total": 1202.6421719,
    "count": 1,
    "self": 0.007612999999992098,
    "children": {
        "run_training.setup": {
            "total": 0.07143009999999994,
            "count": 1,
            "self": 0.07143009999999994
        },
        "TrainerController.start_learning": {
            "total": 1202.5631288,
            "count": 1,
            "self": 0.4860154999973929,
            "children": {
                "TrainerController._reset_env": {
                    "total": 13.2955982,
                    "count": 1,
                    "self": 13.2955982
                },
                "TrainerController.advance": {
                    "total": 1188.6628527000025,
                    "count": 22023,
                    "self": 0.4354690000013761,
                    "children": {
                        "env_step": {
                            "total": 429.1292066999981,
                            "count": 22023,
                            "self": 310.2420535999887,
                            "children": {
                                "SubprocessEnvManager._take_step": {
                                    "total": 118.5974638000053,
                                    "count": 22023,
                                    "self": 1.3207142000112384,
                                    "children": {
                                        "TorchPolicy.evaluate": {
                                            "total": 117.27674959999406,
                                            "count": 15944,
                                            "self": 117.27674959999406
                                        }
                                    }
                                },
                                "workers": {
                                    "total": 0.28968930000410253,
                                    "count": 22022,
                                    "self": 0.0,
                                    "children": {
                                        "worker_root": {
                                            "total": 1128.401472000006,
                                            "count": 22022,
                                            "is_parallel": true,
                                            "self": 920.2721696000012,
                                            "children": {
                                                "steps_from_proto": {
                                                    "total": 0.0010133000000003278,