{
    "name": "root",
    "gauges": {
        "PlayerBehaviour.Policy.Entropy.mean": {
            "value": 1.2915676832199097,
            "min": 1.2915676832199097,
            "max": 1.413100004196167,
            "count": 15
        },
        "PlayerBehaviour.Policy.Entropy.sum": {
            "value": 63415.97265625,
            "min": 54263.0390625,
            "max": 71152.6796875,
            "count": 15
        },
        "PlayerBehaviour.Environment.EpisodeLength.mean": {
            "value": 134.5420054200542,
            "min": 66.84769539078157,
            "max": 134.5420054200542,
            "count": 15
        },
        "PlayerBehaviour.Environment.EpisodeLength.sum": {
            "value": 49646.0,
            "min": 33357.0,
            "max": 49691.0,
            "count": 15
        },
        "PlayerBehaviour.Step.mean": {
            "value": 799829.0,
            "min": 99965.0,
            "max": 799829.0,
            "count": 15
        },
        "PlayerBehaviour.Step.sum": {
            "value": 799829.0,
            "min": 99965.0,
            "max": 799829.0,
            "count": 15
        },
        "PlayerBehaviour.Policy.ExtrinsicValueEstimate.mean": {
            "value": -1.6073120832443237,
            "min": -2.521104574203491,
            "max": -1.3440498113632202,
            "count": 15
        },
        "PlayerBehaviour.Policy.ExtrinsicValueEstimate.sum": {
            "value": -593.09814453125,
            "min": -1729.4776611328125,
            "max": -577.22705078125,
            "count": 15
        },
        "PlayerBehaviour.Policy.GailValueEstimate.mean": {
            "value": 8.246397972106934,
            "min": 5.497326850891113,
            "max": 8.246397972106934,
            "count": 15
        },
        "PlayerBehaviour.Policy.GailValueEstimate.sum": {
            "value": 3042.9208984375,
            "min": 3042.9208984375,
            "max": 4827.02978515625,
            "count": 15
        },
        "PlayerBehaviour.Environment.CumulativeReward.mean": {
            "value": -1.5989162408239472,
            "min": -4.637215653337149,
            "max": -0.8560778507983657,
            "count": 15
        },
        "PlayerBehaviour.Environment.CumulativeReward.sum": {
            "value": -590.0000928640366,
            "min": -3107.0000992417336,
            "max": -382.6667993068695,
            "count": 15
        },
        "PlayerBehaviour.Policy.ExtrinsicReward.mean": {
            "value": -1.5989162408239472,
            "min": -4.637215653337149,
            "max": -0.8560778507983657,
            "count": 15
        },
        "PlayerBehaviour.Policy.ExtrinsicReward.sum": {
            "value": -590.0000928640366,
            "min": -3107.0000992417336,
            "max": -382.6667993068695,
            "count": 15
        },
        "PlayerBehaviour.Policy.GailReward.mean": {
            "value": 23.80344244587389,
            "min": 11.136773443083026,
            "max": 23.80344244587389,
            "count": 15
        },
        "PlayerBehaviour.Policy.GailReward.sum": {
            "value": 8783.470262527466,
            "min": 7148.850478172302,
            "max": 8933.404708862305,
            "count": 15
        },
        "PlayerBehaviour.IsTraining.mean": {
            "value": 1.0,
            "min": 1.0,
            "max": 1.0,
            "count": 15
        },
        "PlayerBehaviour.IsTraining.sum": {
            "value": 1.0,
            "min": 1.0,
            "max": 1.0,
            "count": 15
        },
        "PlayerBehaviour.Losses.PolicyLoss.mean": {
            "value": 0.04923304219864026,
            "min": 0.04830182102014933,
            "max": 0.05367407652917099,
            "count": 14
        },
        "PlayerBehaviour.Losses.PolicyLoss.sum": {
            "value": 0.04923304219864026,
            "min": 0.04830182102014933,
            "max": 0.05367407652917099,
            "count": 14
        },
        "PlayerBehaviour.Losses.ValueLoss.mean": {
            "value": 5.665310124454336,
            "min": 3.2079164492778287,
            "max": 5.665310124454336,
            "count": 14
        },
        "PlayerBehaviour.Losses.ValueLoss.sum": {
            "value": 5.665310124454336,
            "min": 3.2079164492778287,
            "max": 5.665310124454336,
            "count": 14
        },
        "PlayerBehaviour.Policy.LearningRate.mean": {
            "value": 0.000295396075534642,
            "min": 0.000295396075534642,
            "max": 0.000299302212232596,
            "count": 14
        },
        "PlayerBehaviour.Policy.LearningRate.sum": {
            "value": 0.000295396075534642,
            "min": 0.000295396075534642,
            "max": 0.000299302212232596,
            "count": 14
        },
        "PlayerBehaviour.Policy.Epsilon.mean": {
            "value": 0.198465358,
            "min": 0.198465358,
            "max": 0.19976740399999998,
            "count": 14
        },
        "PlayerBehaviour.Policy.Epsilon.sum": {
            "value": 0.198465358,
            "min": 0.198465358,
            "max": 0.19976740399999998,
            "count": 14
        },
        "PlayerBehaviour.Policy.Beta.mean": {
            "value": 0.0009848070442,
            "min": 0.0009848070442,
            "max": 0.0009976972996,
            "count": 14
        },
        "PlayerBehaviour.Policy.Beta.sum": {
            "value": 0.0009848070442,
            "min": 0.0009848070442,
            "max": 0.0009976972996,
            "count": 14
        },
        "PlayerBehaviour.Policy.GAILPolicyEstimate.mean": {
            "value": 0.2841577078032697,
            "min": 0.2533942022639462,
            "max": 0.31713078592577554,
            "count": 14
        },
        "PlayerBehaviour.Policy.GAILPolicyEstimate.sum": {
            "value": 0.2841577078032697,
            "min": 0.2533942022639462,
            "max": 0.31713078592577554,
            "count": 14
        },
        "PlayerBehaviour.Policy.GAILExpertEstimate.mean": {
            "value": 0.6446842633760892,
            "min": 0.6436254332208226,
            "max": 0.6559402262043749,
            "count": 14
        },
        "PlayerBehaviour.Policy.GAILExpertEstimate.sum": {
            "value": 0.6446842633760892,
            "min": 0.6436254332208226,
            "max": 0.6559402262043749,
            "count": 14
        },
        "PlayerBehaviour.Losses.GAILLoss.mean": {
            "value": 0.8658726481290964,
            "min": 0.78854615627191,
            "max": 0.8658726481290964,
            "count": 14
        },
        "PlayerBehaviour.Losses.GAILLoss.sum": {
            "value": 0.8658726481290964,
            "min": 0.78854615627191,
            "max": 0.8658726481290964,
            "count": 14
        },
        "PlayerBehaviour.Policy.GAILGradMagLoss.mean": {
            "value": 0.029102584257180618,
            "min": 0.025908592867895833,
            "max": 0.10260468556458115,
            "count": 14
        },
        "PlayerBehaviour.Policy.GAILGradMagLoss.sum": {
            "value": 0.029102584257180618,
            "min": 0.025908592867895833,
            "max": 0.10260468556458115,
            "count": 14
        }
    },
    "metadata": {
        "timer_format_version": "0.1.0",
        "start_time_seconds": "1712223584",
        "python_version": "3.9.16 (main, Mar  8 2023, 10:39:24) [MSC v.1916 64 bit (AMD64)]",
        "command_line_arguments": "C:\\Users\\nivle\\anaconda3\\envs\\mlagent_py3-9\\Scripts\\mlagents-learn ./ImitationLearningConfig.yaml --run-id 2024.04.04_GAIL_1 --resume",
        "mlagents_version": "0.30.0",
        "mlagents_envs_version": "0.30.0",
        "communication_protocol_version": "1.5.0",
        "pytorch_version": "1.7.1+cu110",
        "numpy_version": "1.21.2",
        "end_time_seconds": "1712224271"
    },
    "total": 687.000125,
    "count": 1,
    "self": 10.008189499999958,