{
    "name": "root",
    "gauges": {
        "PlayerBehaviour.Policy.Entropy.mean": {
            "value": -0.5263974666595459,
            "min": -0.5280631184577942,
            "max": 0.8288583755493164,
            "count": 404
        },
        "PlayerBehaviour.Policy.Entropy.sum": {
            "value": -12212.421875,
            "min": -14046.478515625,
            "max": 54828.32421875,
            "count": 404
        },
        "PlayerBehaviour.Environment.EpisodeLength.mean": {
            "value": 200.1,
            "min": 86.24324324324324,
            "max": 204.8448275862069,
            "count": 404
        },
        "PlayerBehaviour.Environment.EpisodeLength.sum": {
            "value": 24012.0,
            "min": 3191.0,
            "max": 24550.0,
            "count": 404
        },
        "PlayerBehaviour.Step.mean": {
            "value": 12503948.0,
            "min": 2831925.0,
            "max": 12503948.0,
            "count": 404
        },
        "PlayerBehaviour.Step.sum": {
            "value": 12503948.0,
            "min": 2831925.0,
            "max": 12503948.0,
            "count": 404
        },
        "PlayerBehaviour.Policy.ExtrinsicValueEstimate.mean": {
            "value": -1.0672988891601562,
            "min": -2.018311023712158,
            "max": 3.8936266899108887,
            "count": 404
        },
        "PlayerBehaviour.Policy.ExtrinsicValueEstimate.sum": {
            "value": -128.07586669921875,
            "min": -416.8957214355469,
            "max": 579.0078125,
            "count": 404
        },
        "PlayerBehaviour.Environment.CumulativeReward.mean": {
            "value": -1.494444947441419,
            "min": -3.5604630443784924,
            "max": -1.402116892356721,
            "count": 404
        },
        "PlayerBehaviour.Environment.CumulativeReward.sum": {
            "value": -179.33339369297028,
            "min": -680.6666933298111,
            "max": -128.17666959762573,
            "count": 404
        },
        "PlayerBehaviour.Policy.ExtrinsicReward.mean": {
            "value": -1.494444947441419,
            "min": -3.5604630443784924,
            "max": -1.402116892356721,
            "count": 404
        },
        "PlayerBehaviour.Policy.ExtrinsicReward.sum": {
            "value": -179.33339369297028,
            "min": -680.6666933298111,
            "max": -128.17666959762573,
            "count": 404
        },
        "PlayerBehaviour.IsTraining.mean": {
            "value": 1.0,
            "min": 1.0,
            "max": 1.0,
            "count": 404
        },
        "PlayerBehaviour.IsTraining.sum": {
            "value": 1.0,
            "min": 1.0,
            "max": 1.0,
            "count": 404
        },
        "PlayerBehaviour.Losses.PolicyLoss.mean": {
            "value": 0.10258514195123554,
            "min": 0.09270097051981273,
            "max": 0.10516190690497428,
            "count": 401
        },
        "PlayerBehaviour.Losses.PolicyLoss.sum": {
            "value": 0.10258514195123554,
            "min": 0.09270097051981273,
            "max": 0.10516190690497428,
            "count": 401
        },
        "PlayerBehaviour.Losses.ValueLoss.mean": {
            "value": 0.19800044024061778,
            "min": 0.09679733325086587,
            "max": 0.8686297995510881,
            "count": 401
        },
        "PlayerBehaviour.Losses.ValueLoss.sum": {
            "value": 0.19800044024061778,
            "min": 0.09679733325086587,
            "max": 0.8686297995510881,
            "count": 401
        },
        "PlayerBehaviour.Policy.LearningRate.mean": {
            "value": 0.00022504741898420196,
            "min": 0.00022504741898420196,
            "max": 0.00028287997770667597,
            "count": 401
        },
        "PlayerBehaviour.Policy.LearningRate.sum": {
            "value": 0.00022504741898420196,
            "min": 0.00022504741898420196,
            "max": 0.00028287997770667597,
            "count": 401
        },
        "PlayerBehaviour.Policy.Epsilon.mean": {
            "value": 0.17501579799999997,
            "min": 0.17501579799999997,
            "max": 0.19429332400000002,
            "count": 401
        },
        "PlayerBehaviour.Policy.Epsilon.sum": {
            "value": 0.17501579799999997,
            "min": 0.17501579799999997,
            "max": 0.19429332400000002,
            "count": 401
        },
        "PlayerBehaviour.Policy.Beta.mean": {
            "value": 0.0007526564002000001,
            "min": 0.0007526564002000001,
            "max": 0.0009435039076000002,
            "count": 401
        },
        "PlayerBehaviour.Policy.Beta.sum": {
            "value": 0.0007526564002000001,
            "min": 0.0007526564002000001,
            "max": 0.0009435039076000002,
            "count": 401
        }
    },
    "metadata": {
        "timer_format_version": "0.1.0",
        "start_time_seconds": "1712311232",
        "python_version": "3.8.19 (default, Mar 20 2024, 19:55:45) [MSC v.1916 64 bit (AMD64)]",
        "command_line_arguments": "C:\\Users\\timot\\anaconda3\\envs\\Python3-8ForMlagents\\Scripts\\mlagents-learn BasicConfig.yaml --run-id=timRun1 --resume",
        "mlagents_version": "0.30.0",
        "mlagents_envs_version": "0.30.0",
        "communication_protocol_version": "1.5.0",
        "pytorch_version": "2.2.1+cpu",
        "numpy_version": "1.21.2",
        "end_time_seconds": "1712319554"
    },
    "total": 8321.9986847,
    "count": 1,
    "self": 0.006713099999615224,
    "children": {
        "run_training.setup": {
            "total": 0.09769879999999986,
            "count": 1,
            "self": 0.09769879999999986
        },
        "TrainerController.start_learning": {
            "total": 8321.8942728,
            "count": 1,
            "self": 3.0605618000972754,
            "children": {
                "TrainerController._reset_env": {
                    "total": 32.1734711,
                    "count": 1,
                    "self": 32.1734711
                },
                "TrainerController.advance": {
                    "total": 8286.565436499903,
                    "count": 94928,
                    "self": 2.9480637998385646,
                    "children": {
                        "env_step": {
                            "total": 2804.299137200166,
                            "count": 94928,
                            "self": 2633.9834893002094,
                            "children": {
                                "SubprocessEnvManager._take_step": {
                                    "total": 168.57819039997582,
                                    "count": 94930,
                                    "self": 9.723176500083127,
                                    "children": {
                                        "TorchPolicy.evaluate": {
                                            "total": 158.8550138998927,
                                            "count": 49561,
                                            "self": 158.8550138998927
                                        }
                                    }
                                },
                                "workers": {
                                    "total": 1.7374574999809411,
                                    "count": 94927,
                                    "self": 0.0,
                                    "children": {
                                        "worker_root": {
                                            "total": 8255.342954100048,
                                            "count": 94927,
                                            "is_parallel": true,
                                            "self": 6242.674498100019,