{
    "name": "root",
    "metadata": {
        "timer_format_version": "0.1.0",
        "start_time_seconds": "1711621701",
        "python_version": "3.9.16 (main, Mar  8 2023, 10:39:24) [MSC v.1916 64 bit (AMD64)]",
        "command_line_arguments": "C:\\Users\\nivle\\anaconda3\\envs\\mlagent_py3-9\\Scripts\\mlagents-learn BasicConfig.yaml --run-id=test3",
        "mlagents_version": "0.30.0",
        "mlagents_envs_version": "0.30.0",
        "communication_protocol_version": "1.5.0",
        "pytorch_version": "1.7.1+cu110",
        "numpy_version": "1.21.2",
        "end_time_seconds": "1711621791"
    },
    "total": 90.26715429999999,
    "count": 1,
    "self": 0.009179199999977072,
    "children": {
        "run_training.setup": {
            "total": 0.08559589999999995,
            "count": 1,
            "self": 0.08559589999999995
        },
        "TrainerController.start_learning": {
            "total": 90.17237920000001,
            "count": 1,
            "self": 0.010031299999980092,
            "children": {
                "TrainerController._reset_env": {
                    "total": 16.4426457,
                    "count": 1,
                    "self": 16.4426457
                },
                "TrainerController.advance": {
                    "total": 73.48341940000003,
                    "count": 521,
                    "self": 0.00882949999990501,
                    "children": {
                        "env_step": {
                            "total": 73.46268040000007,
                            "count": 521,
                            "self": 67.75334140000011,
                            "children": {
                                "SubprocessEnvManager._take_step": {
                                    "total": 5.703129199999967,
                                    "count": 521,
                                    "self": 0.034358999999934525,
                                    "children": {
                                        "TorchPolicy.evaluate": {
                                            "total": 5.668770200000033,
                                            "count": 521,
                                            "self": 5.668770200000033
                                        }
                                    }
                                },
                                "workers": {
                                    "total": 0.006209799999986387,
                                    "count": 520,
                                    "self": 0.0,
                                    "children": {
                                        "worker_root": {
                                            "total": 14.272308200000015,
                                            "count": 520,
                                            "is_parallel": true,
                                            "self": 8.50941220000003,
                                            "children": {
                                                "steps_from_proto": {
                                                    "total": 0.0008233999999998076,
                                                    "count": 1,
                                                    "is_parallel": true,
                                                    "self": 0.0006060999999988326,
                                                    "children": {
                                                        "_process_rank_one_or_two_observation": {
                                                            "total": 0.00021730000000097505,
                                                            "count": 2,
                                                            "is_parallel": true,
                                                            "self": 0.00021730000000097505
                                                        }
                                                    }
                                                },
                                                "UnityEnvironment.step": {
                                                    "total": 5.762072599999986,
                                                    "count": 520,
                                                    "is_parallel": true,
                                                    "self": 0.0588665999999769,
                                                    "children": {
                                                        "UnityEnvironment._generate_step_input": {
                                                            "total": 0.1199536000000343,
                                                            "count": 520,
                                                            "is_parallel": true,
                                                            "self": 0.1199536000000343
                                                        },
                                                        "communicator.exchange": {
                                                            "total": 5.412135399999983,
                                                            "count": 520,
                                                            "is_parallel": true,
                                                            "self": 5.412135399999983
                                                        },
                                                        "steps_from_proto": {
                                                            "total": 0.17111699999999175,
                                                            "count": 520,
                                                            "is_parallel": true,
                                                            "self": 0.09702300000003206,
                                                            "children": {
                                                                "_process_rank_one_or_two_observation": {
                                                                    "total": 0.07409399999995969,
                                                                    "count": 1040,
                                                                    "is_parallel": true,
                                                                    "self": 0.07409399999995969
                                                                }
                                                            }
                                                        }
                                                    }
                                                }
                                            }
                                        }
                                    }
                                }
                            }
                        },
                        "trainer_advance": {
                            "total": 0.011909500000061968,
                            "count": 520,
                            "self": 0.008514000000111821,
                            "children": {
                                "process_trajectory": {
                                    "total": 0.0033954999999501467,
                                    "count": 520,
                                    "self": 0.0033954999999501467
                                }
                            }
                        }
                    }
                },
                "TrainerController._save_models": {
                    "total": 0.2362827999999979,
                    "count": 1,
                    "self": 0.0011935999999934666,
                    "children": {
                        "RLTrainer._checkpoint": {
                            "total": 0.23508920000000444,
                            "count": 1,