{
    "name": "root",
    "metadata": {
        "timer_format_version": "0.1.0",
        "start_time_seconds": "1712217244",
        "python_version": "3.9.16 (main, Mar  8 2023, 10:39:24) [MSC v.1916 64 bit (AMD64)]",
        "command_line_arguments": "C:\\Users\\nivle\\anaconda3\\envs\\mlagent_py3-9\\Scripts\\mlagents-learn ./ManyAgentsConfig.yaml --run-id 2024.04.03_epsilon0.4_run2 --resume",
        "mlagents_version": "0.30.0",
        "mlagents_envs_version": "0.30.0",
        "communication_protocol_version": "1.5.0",
        "pytorch_version": "1.7.1+cu110",
        "numpy_version": "1.21.2",
        "end_time_seconds": "1712217364"
    },
    "total": 119.92500290000001,
    "count": 1,
    "self": 0.005548600000011561,
    "children": {
        "run_training.setup": {
            "total": 0.07916439999999991,
            "count": 1,
            "self": 0.07916439999999991
        },
        "TrainerController.start_learning": {
            "total": 119.8402899,
            "count": 1,
            "self": 0.027006100000264155,
            "children": {
                "TrainerController._reset_env": {
                    "total": 35.3651943,
                    "count": 1,
                    "self": 35.3651943
                },
                "TrainerController.advance": {
                    "total": 84.19893759999974,
                    "count": 1473,
                    "self": 0.022940499999918984,
                    "children": {
                        "env_step": {
                            "total": 83.35633069999989,
                            "count": 1473,
                            "self": 71.29535049999973,
                            "children": {
                                "SubprocessEnvManager._take_step": {
                                    "total": 12.04448470000002,
                                    "count": 1473,
                                    "self": 0.07685510000002438,
                                    "children": {
                                        "TorchPolicy.evaluate": {
                                            "total": 11.967629599999995,
                                            "count": 1404,
                                            "self": 11.967629599999995
                                        }
                                    }
                                },
                                "workers": {
                                    "total": 0.016495500000139884,
                                    "count": 1472,
                                    "self": 0.0,
                                    "children": {
                                        "worker_root": {
                                            "total": 25.547619100000084,
                                            "count": 1472,
                                            "is_parallel": true,
                                            "self": 17.148820200000124,
                                            "children": {
                                                "steps_from_proto": {
                                                    "total": 0.005269699999999489,
                                                    "count": 1,
                                                    "is_parallel": true,
                                                    "self": 0.001589700000003802,
                                                    "children": {
                                                        "_process_rank_one_or_two_observation": {
                                                            "total": 0.0036799999999956867,
                                                            "count": 2,
                                                            "is_parallel": true,
                                                            "self": 0.0036799999999956867
                                                        }
                                                    }
                                                },
                                                "UnityEnvironment.step": {
                                                    "total": 8.39352919999996,
                                                    "count": 1472,
                                                    "is_parallel": true,
                                                    "self": 0.14314100000014918,
                                                    "children": {
                                                        "UnityEnvironment._generate_step_input": {
                                                            "total": 0.31904269999987633,
                                                            "count": 1472,
                                                            "is_parallel": true,
                                                            "self": 0.31904269999987633
                                                        },
                                                        "communicator.exchange": {
                                                            "total": 7.516231300000108,
                                                            "count": 1472,
                                                            "is_parallel": true,
                                                            "self": 7.516231300000108
                                                        },
                                                        "steps_from_proto": {
                                                            "total": 0.41511419999982735,
                                                            "count": 1472,
                                                            "is_parallel": true,
                                                            "self": 0.22876070000008752,
                                                            "children": {
                                                                "_process_rank_one_or_two_observation": {
                                                                    "total": 0.18635349999973982,
                                                                    "count": 2944,
                                                                    "is_parallel": true,
                                                                    "self": 0.18635349999973982
                                                                }
                                                            }
                                                        }
                                                    }
                                                }
                                            }
                                        }
                                    }
                                }
                            }
                        },
                        "trainer_advance": {
                            "total": 0.8196663999999387,
                            "count": 1472,
                            "self": 0.04926090000011385,
                            "children": {
                                "process_trajectory": {
                                    "total": 0.7704054999998249,
                                    "count": 1472,
                                    "self": 0.7704054999998249
                                }
                            }
                        }
                    }
                },
                "TrainerController._save_models": {
                    "total": 0.2491519000000011,
                    "count": 1,
                    "self": 0.0014704000000023143,
                    "children": {
                        "RLTrainer._checkpoint": {
                            "total": 0.24768149999999878,
                            "count": 1,