{
    "name": "root",
    "gauges": {
        "PlayerBehaviour.Policy.Entropy.mean": {
            "value": -0.2841344177722931,
            "min": -0.2841344177722931,
            "max": -0.21162697672843933,
            "count": 11
        },
        "PlayerBehaviour.Policy.Entropy.sum": {
            "value": -3992.088623046875,
            "min": -5642.22705078125,
            "max": -2423.12890625,
            "count": 11
        },
        "PlayerBehaviour.Environment.EpisodeLength.mean": {
            "value": 282.54761904761904,
            "min": 39.35906040268456,
            "max": 282.54761904761904,
            "count": 11
        },
        "PlayerBehaviour.Environment.EpisodeLength.sum": {
            "value": 11867.0,
            "min": 10221.0,
            "max": 12112.0,
            "count": 11
        },
        "PlayerBehaviour.Step.mean": {
            "value": 6455997.0,
            "min": 6335975.0,
            "max": 6455997.0,
            "count": 11
        },
        "PlayerBehaviour.Step.sum": {
            "value": 6455997.0,
            "min": 6335975.0,
            "max": 6455997.0,
            "count": 11
        },
        "PlayerBehaviour.Policy.ExtrinsicValueEstimate.mean": {
            "value": 3.449253797531128,
            "min": -0.8065708875656128,
            "max": 3.449253797531128,
            "count": 11
        },
        "PlayerBehaviour.Policy.ExtrinsicValueEstimate.sum": {
            "value": 148.3179168701172,
            "min": -226.64642333984375,
            "max": 307.78173828125,
            "count": 11
        },
        "PlayerBehaviour.Environment.CumulativeReward.mean": {
            "value": 17.558139534883722,
            "min": -1.0,
            "max": 17.558139534883722,
            "count": 11
        },
        "PlayerBehaviour.Environment.CumulativeReward.sum": {
            "value": 755.0,
            "min": -298.0,
            "max": 755.0,
            "count": 11
        },
        "PlayerBehaviour.Policy.ExtrinsicReward.mean": {
            "value": 17.558139534883722,
            "min": -1.0,
            "max": 17.558139534883722,
            "count": 11
        },
        "PlayerBehaviour.Policy.ExtrinsicReward.sum": {
            "value": 755.0,
            "min": -298.0,
            "max": 755.0,
            "count": 11
        },
        "PlayerBehaviour.IsTraining.mean": {
            "value": 1.0,
            "min": 1.0,
            "max": 1.0,
            "count": 11
        },
        "PlayerBehaviour.IsTraining.sum": {
            "value": 1.0,
            "min": 1.0,
            "max": 1.0,
            "count": 11
        },
        "PlayerBehaviour.Losses.PolicyLoss.mean": {
            "value": 0.09629961105688155,
            "min": 0.09491950141297775,
            "max": 0.10185834851091434,
            "count": 10
        },
        "PlayerBehaviour.Losses.PolicyLoss.sum": {
            "value": 0.09629961105688155,
            "min": 0.09491950141297775,
            "max": 0.10185834851091434,
            "count": 10
        },
        "PlayerBehaviour.Losses.ValueLoss.mean": {
            "value": 1.0452764817903228,
            "min": 0.012820036475896942,
            "max": 1.0452764817903228,
            "count": 10
        },
        "PlayerBehaviour.Losses.ValueLoss.sum": {
            "value": 1.0452764817903228,
            "min": 0.012820036475896942,
            "max": 1.0452764817903228,
            "count": 10
        },
        "PlayerBehaviour.Policy.LearningRate.mean": {
            "value": 0.00026132342489219596,
            "min": 0.00026132342489219596,
            "max": 0.00026197446667518195,
            "count": 10
        },
        "PlayerBehaviour.Policy.LearningRate.sum": {
            "value": 0.00026132342489219596,
            "min": 0.00026132342489219596,
            "max": 0.00026197446667518195,
            "count": 10
        },
        "PlayerBehaviour.Policy.Epsilon.mean": {
            "value": 0.18710780400000002,
            "min": 0.18710780400000002,
            "max": 0.187324818,
            "count": 10
        },
        "PlayerBehaviour.Policy.Epsilon.sum": {
            "value": 0.18710780400000002,
            "min": 0.18710780400000002,
            "max": 0.187324818,
            "count": 10
        },
        "PlayerBehaviour.Policy.Beta.mean": {
            "value": 0.0008723672595999999,
            "min": 0.0008723672595999999,
            "max": 0.0008745156982000001,
            "count": 10
        },
        "PlayerBehaviour.Policy.Beta.sum": {
            "value": 0.0008723672595999999,
            "min": 0.0008723672595999999,
            "max": 0.0008745156982000001,
            "count": 10
        }
    },
    "metadata": {
        "timer_format_version": "0.1.0",
        "start_time_seconds": "1711873343",
        "python_version": "3.9.16 (main, Mar  8 2023, 10:39:24) [MSC v.1916 64 bit (AMD64)]",
        "command_line_arguments": "C:\\Users\\nivle\\anaconda3\\envs\\mlagent_py3-9\\Scripts\\mlagents-learn ./BasicConfig.yaml --run-id normalized1 --resume",
        "mlagents_version": "0.30.0",
        "mlagents_envs_version": "0.30.0",
        "communication_protocol_version": "1.5.0",
        "pytorch_version": "1.7.1+cu110",
        "numpy_version": "1.21.2",
        "end_time_seconds": "1711873644"
    },
    "total": 300.4037162,
    "count": 1,
    "self": 10.01095250000003,
    "children": {
        "run_training.setup": {
            "total": 0.11095279999999974,
            "count": 1,
            "self": 0.11095279999999974
        },
        "TrainerController.start_learning": {
            "total": 290.2818109,
            "count": 1,
            "self": 0.1116223999996464,
            "children": {
                "TrainerController._reset_env": {
                    "total": 22.8064526,
                    "count": 1,
                    "self": 22.8064526
                },
                "TrainerController.advance": {
                    "total": 267.1228116000004,
                    "count": 5291,
                    "self": 0.09611240000225507,
                    "children": {
                        "env_step": {
                            "total": 133.4564312999995,
                            "count": 5291,
                            "self": 103.98757429999742,
                            "children": {
                                "SubprocessEnvManager._take_step": {
                                    "total": 29.40347460000063,
                                    "count": 5293,
                                    "self": 0.2877794000016145,
                                    "children": {
                                        "TorchPolicy.evaluate": {
                                            "total": 29.115695199999017,
                                            "count": 3789,
                                            "self": 29.115695199999017
                                        }
                                    }
                                },
                                "workers": {
                                    "total": 0.06538240000145379,
                                    "count": 5290,
                                    "self": 0.0,
                                    "children": {
                                        "worker_root": {
                                            "total": 217.13415980000002,
                                            "count": 5290,
                                            "is_parallel": true,
                                            "self": 174.37221780000007,
                                            "children": {
                                                "steps_from_proto": {
                                                    "total": 0.007348500000000868,
                                                    "count": 3,