{
    "name": "root",
    "gauges": {
        "PlayerBehaviour.Policy.Entropy.mean": {
            "value": 1.4189378023147583,
            "min": 1.4189378023147583,
            "max": 1.4189378023147583,
            "count": 1
        },
        "PlayerBehaviour.Policy.Entropy.sum": {
            "value": 75061.8125,
            "min": 75061.8125,
            "max": 75061.8125,
            "count": 1
        },
        "PlayerBehaviour.Environment.EpisodeLength.mean": {
            "value": 57.22235157159488,
            "min": 57.22235157159488,
            "max": 57.22235157159488,
            "count": 1
        },
        "PlayerBehaviour.Environment.EpisodeLength.sum": {
            "value": 49154.0,
            "min": 49154.0,
            "max": 49154.0,
            "count": 1
        },
        "PlayerBehaviour.Step.mean": {
            "value": 49956.0,
            "min": 49956.0,
            "max": 49956.0,
            "count": 1
        },
        "PlayerBehaviour.Step.sum": {
            "value": 49956.0,
            "min": 49956.0,
            "max": 49956.0,
            "count": 1
        },
        "PlayerBehaviour.Policy.ExtrinsicValueEstimate.mean": {
            "value": 0.008369950577616692,
            "min": 0.008369950577616692,
            "max": 0.008369950577616692,
            "count": 1
        },
        "PlayerBehaviour.Policy.ExtrinsicValueEstimate.sum": {
            "value": 7.181417465209961,
            "min": 7.181417465209961,
            "max": 7.181417465209961,
            "count": 1
        },
        "PlayerBehaviour.Policy.GailValueEstimate.mean": {
            "value": -0.15843091905117035,
            "min": -0.15843091905117035,
            "max": -0.15843091905117035,
            "count": 1
        },
        "PlayerBehaviour.Policy.GailValueEstimate.sum": {
            "value": -135.93373107910156,
            "min": -135.93373107910156,
            "max": -135.93373107910156,
            "count": 1
        },
        "PlayerBehaviour.Environment.CumulativeReward.mean": {
            "value": -7.073232426232114,
            "min": -7.073232426232114,
            "max": -7.073232426232114,
            "count": 1
        },
        "PlayerBehaviour.Environment.CumulativeReward.sum": {
            "value": -6068.833421707153,
            "min": -6068.833421707153,
            "max": -6068.833421707153,
            "count": 1
        },
        "PlayerBehaviour.Policy.ExtrinsicReward.mean": {
            "value": -7.073232426232114,
            "min": -7.073232426232114,
            "max": -7.073232426232114,
            "count": 1
        },
        "PlayerBehaviour.Policy.ExtrinsicReward.sum": {
            "value": -6068.833421707153,
            "min": -6068.833421707153,
            "max": -6068.833421707153,
            "count": 1
        },
        "PlayerBehaviour.Policy.GailReward.mean": {
            "value": 20.40267472167115,
            "min": 20.40267472167115,
            "max": 20.40267472167115,
            "count": 1
        },
        "PlayerBehaviour.Policy.GailReward.sum": {
            "value": 17505.494911193848,
            "min": 17505.494911193848,
            "max": 17505.494911193848,
            "count": 1
        },
        "PlayerBehaviour.IsTraining.mean": {
            "value": 1.0,
            "min": 1.0,
            "max": 1.0,
            "count": 1
        },
        "PlayerBehaviour.IsTraining.sum": {
            "value": 1.0,
            "min": 1.0,
            "max": 1.0,
            "count": 1
        }
    },
    "metadata": {
        "timer_format_version": "0.1.0",
        "start_time_seconds": "1712167127",
        "python_version": "3.9.16 (main, Mar  8 2023, 10:39:24) [MSC v.1916 64 bit (AMD64)]",
        "command_line_arguments": "C:\\Users\\nivle\\anaconda3\\envs\\mlagent_py3-9\\Scripts\\mlagents-learn ./ImitationLearningConfig.yaml --run-id 2024.04.03_Imitation_2",
        "mlagents_version": "0.30.0",
        "mlagents_envs_version": "0.30.0",
        "communication_protocol_version": "1.5.0",
        "pytorch_version": "1.7.1+cu110",
        "numpy_version": "1.21.2",
        "end_time_seconds": "1712167183"
    },
    "total": 55.9777256,
    "count": 1,
    "self": 0.012646400000001279,
    "children": {
        "run_training.setup": {
            "total": 0.06665390000000015,
            "count": 1,
            "self": 0.06665390000000015
        },
        "TrainerController.start_learning": {
            "total": 55.8984253,
            "count": 1,
            "self": 0.022769199999984835,
            "children": {
                "TrainerController._reset_env": {
                    "total": 10.4807066,
                    "count": 1,
                    "self": 10.2650001,
                    "children": {
                        "demo_to_buffer": {
                            "total": 0.21570649999999958,
                            "count": 2,
                            "self": 5.930000000020641e-05,
                            "children": {
                                "load_demonstration": {
                                    "total": 0.00465879999999963,
                                    "count": 2,
                                    "self": 0.004091099999998349,
                                    "children": {
                                        "read_file": {
                                            "total": 0.0005677000000012811,
                                            "count": 2,
                                            "self": 0.0005677000000012811
                                        }
                                    }
                                },
                                "make_demo_buffer": {
                                    "total": 0.21098839999999974,
                                    "count": 2,
                                    "self": 0.03730869999999342,
                                    "children": {
                                        "steps_from_proto": {
                                            "total": 0.17367970000000632,
                                            "count": 1580,
                                            "self": 0.12569579999993152,
                                            "children": {
                                                "_process_rank_one_or_two_observation": {
                                                    "total": 0.0479839000000748,
                                                    "count": 3160,
                                                    "self": 0.0479839000000748
                                                }
                                            }
                                        }
                                    }
                                }
                            }
                        }
                    }
                },
                "TrainerController.advance": {
                    "total": 45.21626010000002,
                    "count": 1105,
                    "self": 0.019611000000011813,
                    "children": {
                        "env_step": {
                            "total": 17.81929059999998,
                            "count": 1105,
                            "self": 13.896514899999968,
                            "children": {
                                "SubprocessEnvManager._take_step": {
                                    "total": 3.9102864999999927,
                                    "count": 1105,
                                    "self": 0.050306599999967005,
                                    "children": {
                                        "TorchPolicy.evaluate": {
                                            "total": 3.8599799000000257,
                                            "count": 529,