{
    "name": "root",
    "gauges": {
        "PlayerBehaviour.Policy.Entropy.mean": {
            "value": 1.2641371488571167,
            "min": 1.2641371488571167,
            "max": 1.4222393035888672,
            "count": 17
        },
        "PlayerBehaviour.Policy.Entropy.sum": {
            "value": 62574.7890625,
            "min": 62574.7890625,
            "max": 76338.859375,
            "count": 17
        },
        "PlayerBehaviour.Environment.EpisodeLength.mean": {
            "value": 116.48470588235294,
            "min": 66.2486559139785,
            "max": 120.91463414634147,
            "count": 17
        },
        "PlayerBehaviour.Environment.EpisodeLength.sum": {
            "value": 49506.0,
            "min": 49289.0,
            "max": 49603.0,
            "count": 17
        },
        "PlayerBehaviour.Step.mean": {
            "value": 849934.0,
            "min": 49916.0,
            "max": 849934.0,
            "count": 17
        },
        "PlayerBehaviour.Step.sum": {
            "value": 849934.0,
            "min": 49916.0,
            "max": 849934.0,
            "count": 17
        },
        "PlayerBehaviour.Policy.ExtrinsicValueEstimate.mean": {
            "value": -0.3536784052848816,
            "min": -2.5084290504455566,
            "max": -0.050780486315488815,
            "count": 17
        },
        "PlayerBehaviour.Policy.ExtrinsicValueEstimate.sum": {
            "value": -150.31332397460938,
            "min": -1602.88623046875,
            "max": -37.72990036010742,
            "count": 17
        },
        "PlayerBehaviour.Environment.CumulativeReward.mean": {
            "value": 1.5984310610154095,
            "min": -4.604082710649894,
            "max": 1.7945465313674118,
            "count": 17
        },
        "PlayerBehaviour.Environment.CumulativeReward.sum": {
            "value": 679.3332009315491,
            "min": -3420.833454012871,
            "max": 778.8331946134567,
            "count": 17
        },
        "PlayerBehaviour.Policy.ExtrinsicReward.mean": {
            "value": 1.5984310610154095,
            "min": -4.604082710649894,
            "max": 1.7945465313674118,
            "count": 17
        },
        "PlayerBehaviour.Policy.ExtrinsicReward.sum": {
            "value": 679.3332009315491,
            "min": -3420.833454012871,
            "max": 778.8331946134567,
            "count": 17
        },
        "PlayerBehaviour.IsTraining.mean": {
            "value": 1.0,
            "min": 1.0,
            "max": 1.0,
            "count": 17
        },
        "PlayerBehaviour.IsTraining.sum": {
            "value": 1.0,
            "min": 1.0,
            "max": 1.0,
            "count": 17
        },
        "PlayerBehaviour.Losses.PolicyLoss.mean": {
            "value": 0.09824041573017511,
            "min": 0.09685087439777551,
            "max": 0.1027710603333779,
            "count": 16
        },
        "PlayerBehaviour.Losses.PolicyLoss.sum": {
            "value": 0.09824041573017511,
            "min": 0.09685087439777551,
            "max": 0.1027710603333779,
            "count": 16
        },
        "PlayerBehaviour.Losses.ValueLoss.mean": {
            "value": 3.740958006016678,
            "min": 2.056628219245898,
            "max": 3.740958006016678,
            "count": 16
        },
        "PlayerBehaviour.Losses.ValueLoss.sum": {
            "value": 3.740958006016678,
            "min": 2.056628219245898,
            "max": 3.740958006016678,
            "count": 16
        },
        "PlayerBehaviour.Policy.LearningRate.mean": {
            "value": 0.0002951953936015359,
            "min": 0.0002951953936015359,
            "max": 0.00029969980210006606,
            "count": 16
        },
        "PlayerBehaviour.Policy.LearningRate.sum": {
            "value": 0.0002951953936015359,
            "min": 0.0002951953936015359,
            "max": 0.00029969980210006606,
            "count": 16
        },
        "PlayerBehaviour.Policy.Epsilon.mean": {
            "value": 0.19839846400000002,
            "min": 0.19839846400000002,
            "max": 0.19989993400000003,
            "count": 16
        },
        "PlayerBehaviour.Policy.Epsilon.sum": {
            "value": 0.19839846400000002,
            "min": 0.19839846400000002,
            "max": 0.19989993400000003,
            "count": 16
        },
        "PlayerBehaviour.Policy.Beta.mean": {
            "value": 0.0009841447936,
            "min": 0.0009841447936,
            "max": 0.0009990093466000004,
            "count": 16
        },
        "PlayerBehaviour.Policy.Beta.sum": {
            "value": 0.0009841447936,
            "min": 0.0009841447936,
            "max": 0.0009990093466000004,
            "count": 16
        }
    },
    "metadata": {
        "timer_format_version": "0.1.0",
        "start_time_seconds": "1711967595",
        "python_version": "3.9.16 (main, Mar  8 2023, 10:39:24) [MSC v.1916 64 bit (AMD64)]",
        "command_line_arguments": "C:\\Users\\nivle\\anaconda3\\envs\\mlagent_py3-9\\Scripts\\mlagents-learn ./ManyAgentsConfig.yaml --run-id 01.04.24_ManySensors_1",
        "mlagents_version": "0.30.0",
        "mlagents_envs_version": "0.30.0",
        "communication_protocol_version": "1.5.0",
        "pytorch_version": "1.7.1+cu110",
        "numpy_version": "1.21.2",
        "end_time_seconds": "1711968695"
    },
    "total": 1099.8770137,
    "count": 1,
    "self": 10.005188699999735,
    "children": {
        "run_training.setup": {
            "total": 0.06571339999999992,
            "count": 1,
            "self": 0.06571339999999992
        },
        "TrainerController.start_learning": {
            "total": 1089.8061116000001,
            "count": 1,
            "self": 0.3635681000027944,
            "children": {
                "TrainerController._reset_env": {
                    "total": 11.8649629,
                    "count": 1,
                    "self": 11.8649629
                },
                "TrainerController.advance": {
                    "total": 1077.4470140999977,
                    "count": 15977,
                    "self": 0.3356828000016776,
                    "children": {
                        "env_step": {
                            "total": 305.99389779999615,
                            "count": 15977,
                            "self": 231.50684679999466,
                            "children": {
                                "SubprocessEnvManager._take_step": {
                                    "total": 74.28164749999671,
                                    "count": 15978,
                                    "self": 0.9256175999958316,
                                    "children": {
                                        "TorchPolicy.evaluate": {
                                            "total": 73.35602990000088,
                                            "count": 9555,
                                            "self": 73.35602990000088
                                        }
                                    }
                                },
                                "workers": {
                                    "total": 0.20540350000476693,
                                    "count": 15976,
                                    "self": 0.0,
                                    "children": {
                                        "worker_root": {
                                            "total": 1059.5128523999983,
                                            "count": 15976,
                                            "is_parallel": true,
                                            "self": 884.6765184999997,
                                            "children": {
                                                "steps_from_proto": {
                                                    "total": 0.0013585999999996545,