{
    "name": "root",
    "gauges": {
        "PlayerBehaviour.Policy.Entropy.mean": {
            "value": 1.03986656665802,
            "min": 1.03986656665802,
            "max": 1.4189379215240479,
            "count": 57
        },
        "PlayerBehaviour.Policy.Entropy.sum": {
            "value": 57608.60546875,
            "min": 38897.44140625,
            "max": 80486.4140625,
            "count": 57
        },
        "PlayerBehaviour.Environment.EpisodeLength.mean": {
            "value": 456.2980769230769,
            "min": 55.220224719101125,
            "max": 589.2533333333333,
            "count": 57
        },
        "PlayerBehaviour.Environment.EpisodeLength.sum": {
            "value": 47455.0,
            "min": 40881.0,
            "max": 58827.0,
            "count": 57
        },
        "PlayerBehaviour.Step.mean": {
            "value": 2849682.0,
            "min": 49975.0,
            "max": 2849682.0,
            "count": 57
        },
        "PlayerBehaviour.Step.sum": {
            "value": 2849682.0,
            "min": 49975.0,
            "max": 2849682.0,
            "count": 57
        },
        "PlayerBehaviour.Policy.ExtrinsicValueEstimate.mean": {
            "value": -4.502459526062012,
            "min": -4.8482346534729,
            "max": -0.2796598970890045,
            "count": 57
        },
        "PlayerBehaviour.Policy.ExtrinsicValueEstimate.sum": {
            "value": -522.2852783203125,
            "min": -2679.7353515625,
            "max": -248.61764526367188,
            "count": 57
        },
        "PlayerBehaviour.Policy.GailValueEstimate.mean": {
            "value": 25.812301635742188,
            "min": 0.1496371328830719,
            "max": 26.00367546081543,
            "count": 57
        },
        "PlayerBehaviour.Policy.GailValueEstimate.sum": {
            "value": 2994.22705078125,
            "min": 133.02740478515625,
            "max": 8055.642578125,
            "count": 57
        },
        "PlayerBehaviour.Environment.CumulativeReward.mean": {
            "value": -25.942308004085834,
            "min": -33.488889357248944,
            "max": -8.198548973478267,
            "count": 57
        },
        "PlayerBehaviour.Environment.CumulativeReward.sum": {
            "value": -2698.0000324249268,
            "min": -7288.51003742218,
            "max": -2326.0000190734863,
            "count": 57
        },
        "PlayerBehaviour.Policy.ExtrinsicReward.mean": {
            "value": -25.942308004085834,
            "min": -33.488889357248944,
            "max": -8.198548973478267,
            "count": 57
        },
        "PlayerBehaviour.Policy.ExtrinsicReward.sum": {
            "value": -2698.0000324249268,
            "min": -7288.51003742218,
            "max": -2326.0000190734863,
            "count": 57
        },
        "PlayerBehaviour.Policy.GailReward.mean": {
            "value": 146.7379998289622,
            "min": 26.531764084762997,
            "max": 186.42766732533772,
            "count": 57
        },
        "PlayerBehaviour.Policy.GailReward.sum": {
            "value": 15260.751982212067,
            "min": 13035.431702584028,
            "max": 26840.84835243225,
            "count": 57
        },
        "PlayerBehaviour.IsTraining.mean": {
            "value": 1.0,
            "min": 1.0,
            "max": 1.0,
            "count": 57
        },
        "PlayerBehaviour.IsTraining.sum": {
            "value": 1.0,
            "min": 1.0,
            "max": 1.0,
            "count": 57
        },
        "PlayerBehaviour.Losses.PolicyLoss.mean": {
            "value": 0.04799798373234932,
            "min": 0.045858940383177074,
            "max": 0.05264732937786716,
            "count": 56
        },
        "PlayerBehaviour.Losses.PolicyLoss.sum": {
            "value": 0.04799798373234932,
            "min": 0.045858940383177074,
            "max": 0.05264732937786716,
            "count": 56
        },
        "PlayerBehaviour.Losses.ValueLoss.mean": {
            "value": 14.036300029102554,
            "min": 8.06702627850394,
            "max": 20.29528931348752,
            "count": 56
        },
        "PlayerBehaviour.Losses.ValueLoss.sum": {
            "value": 14.036300029102554,
            "min": 8.06702627850394,
            "max": 20.29528931348752,
            "count": 56
        },
        "PlayerBehaviour.Policy.LearningRate.mean": {
            "value": 0.00028312870762376606,
            "min": 0.00028312870762376606,
            "max": 0.00029969978410007193,
            "count": 56
        },
        "PlayerBehaviour.Policy.LearningRate.sum": {
            "value": 0.00028312870762376606,
            "min": 0.00028312870762376606,
            "max": 0.00029969978410007193,
            "count": 56
        },
        "PlayerBehaviour.Policy.Epsilon.mean": {
            "value": 0.19437623399999998,
            "min": 0.19437623399999998,
            "max": 0.199899928,
            "count": 56
        },
        "PlayerBehaviour.Policy.Epsilon.sum": {
            "value": 0.19437623399999998,
            "min": 0.19437623399999998,
            "max": 0.199899928,
            "count": 56
        },
        "PlayerBehaviour.Policy.Beta.mean": {
            "value": 0.0009443247165999999,
            "min": 0.0009443247165999999,
            "max": 0.0009990092872,
            "count": 56
        },
        "PlayerBehaviour.Policy.Beta.sum": {
            "value": 0.0009443247165999999,
            "min": 0.0009443247165999999,
            "max": 0.0009990092872,
            "count": 56
        },
        "PlayerBehaviour.Policy.GAILPolicyEstimate.mean": {
            "value": 0.32672028291938654,
            "min": 0.32156134324196056,
            "max": 0.40204415382483066,
            "count": 56
        },
        "PlayerBehaviour.Policy.GAILPolicyEstimate.sum": {
            "value": 0.32672028291938654,
            "min": 0.32156134324196056,
            "max": 0.40204415382483066,
            "count": 56
        },
        "PlayerBehaviour.Policy.GAILExpertEstimate.mean": {
            "value": 0.6408197417218461,
            "min": 0.5681338300562312,
            "max": 0.6456921168850729,
            "count": 56
        },
        "PlayerBehaviour.Policy.GAILExpertEstimate.sum": {
            "value": 0.6408197417218461,
            "min": 0.5681338300562312,
            "max": 0.6456921168850729,
            "count": 56
        },
        "PlayerBehaviour.Losses.GAILLoss.mean": {
            "value": 0.8609966271962874,
            "min": 0.8466024780112886,
            "max": 1.1093510454536504,
            "count": 56
        },
        "PlayerBehaviour.Losses.GAILLoss.sum": {
            "value": 0.8609966271962874,
            "min": 0.8466024780112886,
            "max": 1.1093510454536504,
            "count": 56
        },
        "PlayerBehaviour.Policy.GAILGradMagLoss.mean": {
            "value": 0.01519641344411633,
            "min": 0.01471638914802645,
            "max": 0.8194289578841283,
            "count": 56
        },
        "PlayerBehaviour.Policy.GAILGradMagLoss.sum": {
            "value": 0.01519641344411633,
            "min": 0.01471638914802645,
            "max": 0.8194289578841283,
            "count": 56
        }
    },
    "metadata": {
        "timer_format_version": "0.1.0",
        "start_time_seconds": "1712324701",
        "python_version": "3.8.19 (default, Mar 20 2024, 19:55:45) [MSC v.1916 64 bit (AMD64)]",
        "command_line_arguments": "C:\\Users\\timot\\anaconda3\\envs\\Python3-8ForMlagents\\Scripts\\mlagents-learn TimImitationLearningConfig.yaml --run-id=timImitationRun1",
        "mlagents_version": "0.30.0",
        "mlagents_envs_version": "0.30.0",
        "communication_protocol_version": "1.5.0",
        "pytorch_version": "2.2.1+cpu",
        "numpy_version": "1.21.2",
        "end_time_seconds": "1712327055"
    },
    "total": 2354.1073465,