{
    "name": "root",
    "gauges": {
        "PlayerBehaviour.Policy.Entropy.mean": {
            "value": 0.943962037563324,
            "min": 0.943962037563324,
            "max": 1.4203189611434937,
            "count": 58
        },
        "PlayerBehaviour.Policy.Entropy.sum": {
            "value": 22041.513671875,
            "min": 22041.513671875,
            "max": 36892.3828125,
            "count": 58
        },
        "PlayerBehaviour.Environment.EpisodeLength.mean": {
            "value": 137.97109826589596,
            "min": 66.97733711048159,
            "max": 137.97109826589596,
            "count": 58
        },
        "PlayerBehaviour.Environment.EpisodeLength.sum": {
            "value": 23869.0,
            "min": 23599.0,
            "max": 23996.0,
            "count": 58
        },
        "PlayerBehaviour.Step.mean": {
            "value": 1391977.0,
            "min": 23977.0,
            "max": 1391977.0,
            "count": 58
        },
        "PlayerBehaviour.Step.sum": {
            "value": 1391977.0,
            "min": 23977.0,
            "max": 1391977.0,
            "count": 58
        },
        "PlayerBehaviour.Policy.ExtrinsicValueEstimate.mean": {
            "value": 1.6397740840911865,
            "min": -2.737234115600586,
            "max": 1.7976326942443848,
            "count": 58
        },
        "PlayerBehaviour.Policy.ExtrinsicValueEstimate.sum": {
            "value": 283.680908203125,
            "min": -926.710205078125,
            "max": 336.1573181152344,
            "count": 58
        },
        "PlayerBehaviour.Environment.CumulativeReward.mean": {
            "value": 7.574180662287453,
            "min": -5.237048024306199,
            "max": 7.933332873753139,
            "count": 58
        },
        "PlayerBehaviour.Environment.CumulativeReward.sum": {
            "value": 1310.3332545757294,
            "min": -1785.833376288414,
            "max": 1431.833246231079,
            "count": 58
        },
        "PlayerBehaviour.Policy.ExtrinsicReward.mean": {
            "value": 7.574180662287453,
            "min": -5.237048024306199,
            "max": 7.933332873753139,
            "count": 58
        },
        "PlayerBehaviour.Policy.ExtrinsicReward.sum": {
            "value": 1310.3332545757294,
            "min": -1785.833376288414,
            "max": 1431.833246231079,
            "count": 58
        },
        "PlayerBehaviour.IsTraining.mean": {
            "value": 1.0,
            "min": 1.0,
            "max": 1.0,
            "count": 58
        },
        "PlayerBehaviour.IsTraining.sum": {
            "value": 1.0,
            "min": 1.0,
            "max": 1.0,
            "count": 58
        },
        "PlayerBehaviour.Losses.PolicyLoss.mean": {
            "value": 0.1006091136494991,
            "min": 0.09406154606599461,
            "max": 0.10328938807478169,
            "count": 57
        },
        "PlayerBehaviour.Losses.PolicyLoss.sum": {
            "value": 0.1006091136494991,
            "min": 0.09406154606599461,
            "max": 0.10328938807478169,
            "count": 57
        },
        "PlayerBehaviour.Losses.ValueLoss.mean": {
            "value": 1.905469962279002,
            "min": 1.8550541451636782,
            "max": 3.562282140943739,
            "count": 57
        },
        "PlayerBehaviour.Losses.ValueLoss.sum": {
            "value": 1.905469962279002,
            "min": 1.8550541451636782,
            "max": 3.562282140943739,
            "count": 57
        },
        "PlayerBehaviour.Policy.LearningRate.mean": {
            "value": 0.0002917706007431339,
            "min": 0.0002917706007431339,
            "max": 0.00029985576604807797,
            "count": 57
        },
        "PlayerBehaviour.Policy.LearningRate.sum": {
            "value": 0.0002917706007431339,
            "min": 0.0002917706007431339,
            "max": 0.00029985576604807797,
            "count": 57
        },
        "PlayerBehaviour.Policy.Epsilon.mean": {
            "value": 0.19725686600000003,
            "min": 0.19725686600000003,
            "max": 0.199951922,
            "count": 57
        },
        "PlayerBehaviour.Policy.Epsilon.sum": {
            "value": 0.19725686600000003,
            "min": 0.19725686600000003,
            "max": 0.199951922,
            "count": 57
        },
        "PlayerBehaviour.Policy.Beta.mean": {
            "value": 0.0009728429734,
            "min": 0.0009728429734,
            "max": 0.0009995240278,
            "count": 57
        },
        "PlayerBehaviour.Policy.Beta.sum": {
            "value": 0.0009728429734,
            "min": 0.0009728429734,
            "max": 0.0009995240278,
            "count": 57
        }
    },
    "metadata": {
        "timer_format_version": "0.1.0",
        "start_time_seconds": "1711906288",
        "python_version": "3.9.16 (main, Mar  8 2023, 10:39:24) [MSC v.1916 64 bit (AMD64)]",
        "command_line_arguments": "C:\\Users\\nivle\\anaconda3\\envs\\mlagent_py3-9\\Scripts\\mlagents-learn ./BasicConfig.yaml --run-id bigbuffer1",
        "mlagents_version": "0.30.0",
        "mlagents_envs_version": "0.30.0",
        "communication_protocol_version": "1.5.0",
        "pytorch_version": "1.7.1+cu110",
        "numpy_version": "1.21.2",
        "end_time_seconds": "1711908211"
    },
    "total": 1922.3330285,
    "count": 1,
    "self": 10.011918100000003,
    "children": {
        "run_training.setup": {
            "total": 0.06790990000000008,
            "count": 1,
            "self": 0.06790990000000008
        },
        "TrainerController.start_learning": {
            "total": 1912.2532005,
            "count": 1,
            "self": 0.8198937000092883,
            "children": {
                "TrainerController._reset_env": {
                    "total": 15.1428005,
                    "count": 1,
                    "self": 15.1428005
                },
                "TrainerController.advance": {
                    "total": 1896.157343799991,
                    "count": 38095,
                    "self": 0.7411152999907245,
                    "children": {
                        "env_step": {
                            "total": 618.0913297999966,
                            "count": 38095,
                            "self": 412.56520830000807,
                            "children": {
                                "SubprocessEnvManager._take_step": {
                                    "total": 205.03979189999268,
                                    "count": 38096,
                                    "self": 2.1955019999887213,
                                    "children": {
                                        "TorchPolicy.evaluate": {
                                            "total": 202.84428990000396,
                                            "count": 28171,
                                            "self": 202.84428990000396
                                        }
                                    }
                                },
                                "workers": {
                                    "total": 0.48632959999589076,
                                    "count": 38094,
                                    "self": 0.0,
                                    "children": {
                                        "worker_root": {
                                            "total": 1881.2939378999906,
                                            "count": 38094,
                                            "is_parallel": true,
                                            "self": 1553.0312920999854,
                                            "children": {
                                                "steps_from_proto": {
                                                    "total": 0.001349600000001061,
                                                    "count": 2,