{"count":1,"self":1146.1300224,"total":8189.1694561999993,"children":{"InitializeActuators":{"count":200,"self":0.0022730999999999997,"total":0.0022730999999999997,"children":null},"InitializeSensors":{"count":200,"self":0.0025171,"total":0.0025171,"children":null},"AgentSendState":{"count":241201,"self":25.548976,"total":123.67087149999999,"children":{"CollectObservations":{"count":9648200,"self":37.1166208,"total":37.1166218,"children":null},"WriteActionMask":{"count":9648200,"self":5.93253,"total":5.9325299,"children":null},"RequestDecision":{"count":9648200,"self":18.7091776,"total":55.072743599999995,"children":{"AgentInfo.ToProto":{"count":9648200,"self":14.2447232,"total":36.3635667,"children":{"GenerateSensorData":{"count":9648200,"self":22.1188432,"total":22.118843299999998,"children":null}}}}}}},"DecideAction":{"count":241201,"self":6876.0264704,"total":6876.0266106,"children":null},"AgentAct":{"count":241201,"self":42.0204096,"total":42.020410899999995,"children":null},"AgentInfo.ToProto":{"count":64987,"self":0.5878994,"total":1.3167526,"children":{"GenerateSensorData":{"count":64987,"self":0.7288532,"total":0.7288532,"children":null}}}},"gauges":{"PlayerBehaviour.CumulativeReward":{"count":64987,"max":-0.499999046,"min":-11.166666,"runningAverage":-2.17673659,"value":-1.00000167,"weightedAverage":-1.37124038}},"metadata":{"timer_format_version":"0.1.0","start_time_seconds":"1712311354","unity_version":"2022.3.1f1","command_line_arguments":"C:\\Program Files\\Unity\\Hub\\Editor\\2022.3.1f1\\Editor\\Unity.exe -projectpath C:\\Projets\\ESP\\OrbitalBlitzSolo -useHub -hubIPC -cloudEnvironment production -licensingIpc LicenseClient-timot -hubSessionId 0393cdca-a3cd-4656-a657-0e6122251689 -accessToken oKvHS-1SCvZIm8_2CE4_ep-ylHPh45W8sLROSK2rehU008f","communication_protocol_version":"1.5.0","com.unity.ml-agents_version":"2.0.1","scene_name":"circuit 1","end_time_seconds":"1712319543"}}