{"count":1,"self":35.558175999999996,"total":856.604237,"children":{"InitializeActuators":{"count":100,"self":0.0030047999999999997,"total":0.0030047999999999997,"children":null},"InitializeSensors":{"count":100,"self":0.0021842,"total":0.0021842,"children":null},"AgentSendState":{"count":16417,"self":0.8650751,"total":3.9782423,"children":{"CollectObservations":{"count":328400,"self":0.7939005,"total":0.7939005,"children":null},"WriteActionMask":{"count":328400,"self":0.1863851,"total":0.1863851,"children":null},"RequestDecision":{"count":328400,"self":0.6641465,"total":2.1328815999999997,"children":{"AgentInfo.ToProto":{"count":328400,"self":0.5251738,"total":1.4687351,"children":{"GenerateSensorData":{"count":328400,"self":0.94356129999999994,"total":0.94356129999999994,"children":null}}}}}}},"DecideAction":{"count":16417,"self":815.89355519999992,"total":815.8935523,"children":null},"AgentAct":{"count":16417,"self":1.1222185999999998,"total":1.1222185999999998,"children":null},"AgentInfo.ToProto":{"count":3368,"self":0.018734499999999998,"total":0.0468581,"children":{"GenerateSensorData":{"count":3368,"self":0.0281236,"total":0.0281236,"children":null}}}},"gauges":{"PlayerBehaviour.CumulativeReward":{"count":3368,"max":2.21098232,"min":-18.6300659,"runningAverage":-10.5933466,"value":-10.307,"weightedAverage":-12.3157549}},"metadata":{"timer_format_version":"0.1.0","start_time_seconds":"1712933558","unity_version":"2022.3.1f1","command_line_arguments":"C:\\Program Files\\Unity\\Hub\\Editor\\2022.3.1f1\\Editor\\Unity.exe -projectpath C:\\Projets\\ESP\\OrbitalBlitzSolo -useHub -hubIPC -cloudEnvironment production -licensingIpc LicenseClient-timot -hubSessionId 8942df66-2c46-43e0-8443-976254e29ca8 -accessToken 6AfEOCT0YjQ8gI66LaWQnPu342zeLLgcf9vSLNeASck008f","communication_protocol_version":"1.5.0","com.unity.ml-agents_version":"2.0.1","scene_name":"circuit 1","end_time_seconds":"1712934415"}}