{"count":1,"self":254.7051008,"total":1535.9665784,"children":{"InitializeActuators":{"count":100,"self":0.0020322,"total":0.0020322,"children":null},"InitializeSensors":{"count":100,"self":0.0009991,"total":0.0009991,"children":null},"AgentSendState":{"count":97634,"self":5.09652,"total":24.204797,"children":{"CollectObservations":{"count":1952700,"self":6.8000039999999995,"total":6.8000042999999994,"children":null},"WriteActionMask":{"count":1952700,"self":1.0048043,"total":1.0048043,"children":null},"RequestDecision":{"count":1952700,"self":3.8384411999999997,"total":11.3034684,"children":{"AgentInfo.ToProto":{"count":1952700,"self":3.2413795999999997,"total":7.4650270999999995,"children":{"GenerateSensorData":{"count":1952700,"self":4.2236476,"total":4.2236475,"children":null}}}}}}},"DecideAction":{"count":97634,"self":1249.8947071999999,"total":1249.8946832,"children":null},"AgentAct":{"count":97634,"self":6.8704592,"total":6.8704589999999994,"children":null},"AgentInfo.ToProto":{"count":17286,"self":0.132901,"total":0.2875086,"children":{"GenerateSensorData":{"count":17286,"self":0.15460759999999998,"total":0.15460759999999998,"children":null}}}},"gauges":{"PlayerBehaviour.CumulativeReward":{"count":17286,"max":18.8333378,"min":-4.66666651,"runningAverage":9.05382,"value":10.6666613,"weightedAverage":10.6175}},"metadata":{"timer_format_version":"0.1.0","start_time_seconds":"1712307482","unity_version":"2022.3.1f1","command_line_arguments":"C:\\Program Files\\Unity\\Hub\\Editor\\2022.3.1f1\\Editor\\Unity.exe -projectpath C:\\Projets\\ESP\\OrbitalBlitzSolo -useHub -hubIPC -cloudEnvironment production -licensingIpc LicenseClient-timot -hubSessionId 0393cdca-a3cd-4656-a657-0e6122251689 -accessToken oKvHS-1SCvZIm8_2CE4_ep-ylHPh45W8sLROSK2rehU008f","communication_protocol_version":"1.5.0","com.unity.ml-agents_version":"2.0.1","scene_name":"circuit 1","end_time_seconds":"1712309018"}}