{"count":1,"self":362.3273216,"total":362.820138,"children":{"InitializeActuators":{"count":1,"self":0.0015055,"total":0.0015055,"children":null},"InitializeSensors":{"count":1,"self":0.0009996,"total":0.0009996,"children":null},"AgentSendState":{"count":17894,"self":0.24908429999999998,"total":0.30709359999999997,"children":{"CollectObservations":{"count":3579,"self":0.037686199999999996,"total":0.037686199999999996,"children":null},"WriteActionMask":{"count":3579,"self":0.0077564999999999995,"total":0.0077564999999999995,"children":null},"RequestDecision":{"count":3579,"self":0.012566599999999999,"total":0.012566599999999999,"children":null}}},"DecideAction":{"count":17894,"self":0.105456,"total":0.105456,"children":null},"AgentAct":{"count":17894,"self":0.077758899999999992,"total":0.077758899999999992,"children":null}},"gauges":{"PlayerBehaviour.CumulativeReward":{"count":15,"max":37.61019,"min":-2.17030072,"runningAverage":19.2973728,"value":-0.8701143,"weightedAverage":13.83127}},"metadata":{"timer_format_version":"0.1.0","start_time_seconds":"1712324218","unity_version":"2022.3.1f1","command_line_arguments":"C:\\Program Files\\Unity\\Hub\\Editor\\2022.3.1f1\\Editor\\Unity.exe -projectpath C:\\Projets\\ESP\\OrbitalBlitzSolo -useHub -hubIPC -cloudEnvironment production -licensingIpc LicenseClient-timot -hubSessionId 0393cdca-a3cd-4656-a657-0e6122251689 -accessToken oKvHS-1SCvZIm8_2CE4_ep-ylHPh45W8sLROSK2rehU008f","communication_protocol_version":"1.5.0","com.unity.ml-agents_version":"2.0.1","scene_name":"circuit 1","end_time_seconds":"1712324581"}}