{"count":1,"self":100.2861824,"total":1936.8574878,"children":{"InitializeActuators":{"count":100,"self":0.0045654,"total":0.0045654,"children":null},"InitializeSensors":{"count":100,"self":0.00257,"total":0.00257,"children":null},"AgentSendState":{"count":44551,"self":2.3380528,"total":10.6480292,"children":{"CollectObservations":{"count":891100,"self":1.9844098,"total":1.9844098,"children":null},"WriteActionMask":{"count":891100,"self":0.48764769999999996,"total":0.48764769999999996,"children":null},"RequestDecision":{"count":891100,"self":1.7864567999999998,"total":5.8379189999999994,"children":{"AgentInfo.ToProto":{"count":891100,"self":1.4808731,"total":4.0514623,"children":{"GenerateSensorData":{"count":891100,"self":2.5705891999999997,"total":2.5705891999999997,"children":null}}}}}}},"DecideAction":{"count":44551,"self":1822.6644992,"total":1822.6645870999998,"children":null},"AgentAct":{"count":44551,"self":3.060742,"total":3.0607420999999997,"children":null},"AgentInfo.ToProto":{"count":10521,"self":0.0726482,"total":0.18907369999999998,"children":{"GenerateSensorData":{"count":10521,"self":0.1164255,"total":0.1164255,"children":null}}}},"gauges":{"PlayerBehaviour.CumulativeReward":{"count":10521,"max":8.285042,"min":-19.8480721,"runningAverage":-9.40332,"value":-11.0209923,"weightedAverage":-11.4881706}},"metadata":{"timer_format_version":"0.1.0","start_time_seconds":"1712927847","unity_version":"2022.3.1f1","command_line_arguments":"C:\\Program Files\\Unity\\Hub\\Editor\\2022.3.1f1\\Editor\\Unity.exe -projectpath C:\\Projets\\ESP\\OrbitalBlitzSolo -useHub -hubIPC -cloudEnvironment production -licensingIpc LicenseClient-timot -hubSessionId 8942df66-2c46-43e0-8443-976254e29ca8 -accessToken 6AfEOCT0YjQ8gI66LaWQnPu342zeLLgcf9vSLNeASck008f","communication_protocol_version":"1.5.0","com.unity.ml-agents_version":"2.0.1","scene_name":"circuit 1","end_time_seconds":"1712929784"}}