{"count":1,"self":129.678976,"total":3461.2790253999997,"children":{"InitializeActuators":{"count":100,"self":0.0015045,"total":0.0015045,"children":null},"InitializeSensors":{"count":100,"self":0.0011535999999999999,"total":0.0011535999999999999,"children":null},"AgentSendState":{"count":82201,"self":3.9686076,"total":17.5649816,"children":{"CollectObservations":{"count":1644100,"self":3.1252076,"total":3.1252076,"children":null},"WriteActionMask":{"count":1644100,"self":0.7642451,"total":0.7642451,"children":null},"RequestDecision":{"count":1644100,"self":2.9865814,"total":9.7069213999999988,"children":{"AgentInfo.ToProto":{"count":1644100,"self":2.4629659999999998,"total":6.7203399999999993,"children":{"GenerateSensorData":{"count":1644100,"self":4.2573739999999995,"total":4.2573739999999995,"children":null}}}}}}},"DecideAction":{"count":82201,"self":3309.605888,"total":3309.6058074999996,"children":null},"AgentAct":{"count":82201,"self":4.4007195999999995,"total":4.4007195999999995,"children":null},"AgentInfo.ToProto":{"count":1386,"self":0.0070345999999999994,"total":0.0248866,"children":{"GenerateSensorData":{"count":1386,"self":0.017852,"total":0.017852,"children":null}}}},"gauges":{"PlayerBehaviour.CumulativeReward":{"count":1386,"max":-10.0000286,"min":-19.9866219,"runningAverage":-13.4337425,"value":-10.000411,"weightedAverage":-11.3604784}},"metadata":{"timer_format_version":"0.1.0","start_time_seconds":"1713432068","unity_version":"2022.3.1f1","command_line_arguments":"C:\\Program Files\\Unity\\Hub\\Editor\\2022.3.1f1\\Editor\\Unity.exe -projectpath C:\\Projets\\ESP\\OrbitalBlitzSolo -useHub -hubIPC -cloudEnvironment production -licensingIpc LicenseClient-timot -hubSessionId de85f8a9-4467-4152-82f8-8ae7f71e924b -accessToken GRVo8MufSwkF7GaLN2oBGHOP-eGCnF0Tq90y6rYaq94008f","communication_protocol_version":"1.5.0","com.unity.ml-agents_version":"2.0.1","scene_name":"circuit 1","end_time_seconds":"1713435529"}}