{"count":1,"self":50.215104,"total":969.53520759999992,"children":{"InitializeActuators":{"count":100,"self":0.0012243999999999998,"total":0.0012243999999999998,"children":null},"InitializeSensors":{"count":100,"self":0.0010056,"total":0.0010056,"children":null},"AgentSendState":{"count":25201,"self":1.2478506,"total":5.8483478999999994,"children":{"CollectObservations":{"count":504100,"self":1.0706008999999999,"total":1.0706008999999999,"children":null},"WriteActionMask":{"count":504100,"self":0.2679088,"total":0.2679088,"children":null},"RequestDecision":{"count":504100,"self":1.006368,"total":3.2619876,"children":{"AgentInfo.ToProto":{"count":504100,"self":0.8212876,"total":2.2556195999999997,"children":{"GenerateSensorData":{"count":504100,"self":1.434332,"total":1.434332,"children":null}}}}}}},"DecideAction":{"count":25201,"self":911.79212799999993,"total":911.79208069999993,"children":null},"AgentAct":{"count":25201,"self":1.6258108,"total":1.6258108,"children":null},"AgentInfo.ToProto":{"count":2733,"self":0.0186419,"total":0.051633099999999994,"children":{"GenerateSensorData":{"count":2733,"self":0.0329912,"total":0.0329912,"children":null}}}},"gauges":{"PlayerBehaviour.CumulativeReward":{"count":2733,"max":-6.9939785,"min":-19.50621,"runningAverage":-10.8513031,"value":-11.0979958,"weightedAverage":-13.8054152}},"metadata":{"timer_format_version":"0.1.0","start_time_seconds":"1712912477","unity_version":"2022.3.1f1","command_line_arguments":"C:\\Program Files\\Unity\\Hub\\Editor\\2022.3.1f1\\Editor\\Unity.exe -projectpath C:\\Projets\\ESP\\OrbitalBlitzSolo -useHub -hubIPC -cloudEnvironment production -licensingIpc LicenseClient-timot -hubSessionId 8942df66-2c46-43e0-8443-976254e29ca8 -accessToken 6AfEOCT0YjQ8gI66LaWQnPu342zeLLgcf9vSLNeASck008f","communication_protocol_version":"1.5.0","com.unity.ml-agents_version":"2.0.1","scene_name":"circuit 1","end_time_seconds":"1712913447"}}