{"count":1,"self":138.90178559999998,"total":956.1588438,"children":{"InitializeActuators":{"count":100,"self":0.0010100999999999999,"total":0.0010100999999999999,"children":null},"InitializeSensors":{"count":100,"self":0.0032497999999999997,"total":0.0032497999999999997,"children":null},"AgentSendState":{"count":57984,"self":2.8443148,"total":13.0948347,"children":{"CollectObservations":{"count":1159700,"self":3.6698092,"total":3.6698092,"children":null},"WriteActionMask":{"count":1159700,"self":0.5942548,"total":0.5942548,"children":null},"RequestDecision":{"count":1159700,"self":1.9520123999999999,"total":5.9864559,"children":{"AgentInfo.ToProto":{"count":1159700,"self":1.6425793,"total":4.0344434,"children":{"GenerateSensorData":{"count":1159700,"self":2.391864,"total":2.3918641,"children":null}}}}}}},"DecideAction":{"count":57984,"self":799.6707328,"total":799.67071549999991,"children":null},"AgentAct":{"count":57984,"self":4.2995312,"total":4.2995312,"children":null},"AgentInfo.ToProto":{"count":11925,"self":0.088116,"total":0.1877144,"children":{"GenerateSensorData":{"count":11925,"self":0.09959839999999999,"total":0.09959839999999999,"children":null}}}},"gauges":{"PlayerBehaviour.CumulativeReward":{"count":11925,"max":22.6666927,"min":-16,"runningAverage":-0.294380218,"value":1.00000143,"weightedAverage":7.46572638}},"metadata":{"timer_format_version":"0.1.0","start_time_seconds":"1712240673","unity_version":"2022.3.1f1","command_line_arguments":"C:\\Program Files\\Unity\\Hub\\Editor\\2022.3.1f1\\Editor\\Unity.exe -projectpath C:\\Users\\nivle\\Documents\\Ecole\\Epitech\\_ESP\\Examples\\OrbitalBlitzSolo -useHub -hubIPC -cloudEnvironment production -licensingIpc LicenseClient-nivle -hubSessionId 9a04ce37-3d6b-43f3-80ff-f65bf677510e -accessToken EGYHNoCLH7OZU80coKuERreuhW_1RC9t8LF6e6dVczQ001f","communication_protocol_version":"1.5.0","com.unity.ml-agents_version":"2.0.1","scene_name":"training_v1","end_time_seconds":"1712241629"}}