{"count":1,"self":707.4831872,"total":2356.8285401999997,"children":{"InitializeActuators":{"count":100,"self":0.0010073,"total":0.0010073,"children":null},"InitializeSensors":{"count":100,"self":0.0020093999999999997,"total":0.0020093999999999997,"children":null},"AgentSendState":{"count":192501,"self":8.6724512,"total":63.0305361,"children":{"CollectObservations":{"count":3850100,"self":33.3493248,"total":33.3493257,"children":null},"WriteActionMask":{"count":3850100,"self":1.7516952,"total":1.7516950999999998,"children":null},"RequestDecision":{"count":3850100,"self":6.0456287999999994,"total":19.2570637,"children":{"AgentInfo.ToProto":{"count":3850100,"self":4.7705696,"total":13.211435,"children":{"GenerateSensorData":{"count":3850100,"self":8.4408656,"total":8.4408655,"children":null}}}}}}},"DecideAction":{"count":192501,"self":1553.255424,"total":1553.2554455,"children":null},"AgentAct":{"count":192501,"self":32.8455168,"total":32.8455164,"children":null},"AgentInfo.ToProto":{"count":12257,"self":0.0900738,"total":0.2108473,"children":{"GenerateSensorData":{"count":12257,"self":0.12077349999999999,"total":0.12077349999999999,"children":null}}}},"gauges":{"PlayerBehaviour.CumulativeReward":{"count":12257,"max":287.333221,"min":-3.16666651,"runningAverage":138.621979,"value":142.500061,"weightedAverage":144.475937}},"metadata":{"timer_format_version":"0.1.0","start_time_seconds":"1713445770","unity_version":"2022.3.1f1","command_line_arguments":"C:\\Program Files\\Unity\\Hub\\Editor\\2022.3.1f1\\Editor\\Unity.exe -projectpath C:\\Users\\nivle\\Documents\\Ecole\\Epitech\\_ESP\\Examples\\OrbitalBlitzSolo -useHub -hubIPC -cloudEnvironment production -licensingIpc LicenseClient-nivle -hubSessionId 732e181f-e08d-4f72-a72c-4e79b2c42719 -accessToken anv0lIZr_L8LVXemMHw-uN13DEJHaqU3W0pIv9c2lnw001f","communication_protocol_version":"1.5.0","com.unity.ml-agents_version":"2.0.1","scene_name":"training_v1","end_time_seconds":"1713448126"}}