{
    "name": "root",
    "gauges": {
        "PlayerBehaviour.Policy.Entropy.mean": {
            "value": 1.140394926071167,
            "min": 1.140394926071167,
            "max": 1.4190155267715454,
            "count": 39
        },
        "PlayerBehaviour.Policy.Entropy.sum": {
            "value": 9009.1201171875,
            "min": 8472.4189453125,
            "max": 40473.28515625,
            "count": 39
        },
        "PlayerBehaviour.Environment.EpisodeLength.mean": {
            "value": 1042.4,
            "min": 63.87027027027027,
            "max": 1439.2222222222222,
            "count": 39
        },
        "PlayerBehaviour.Environment.EpisodeLength.sum": {
            "value": 5212.0,
            "min": 5212.0,
            "max": 19967.0,
            "count": 39
        },
        "PlayerBehaviour.Step.mean": {
            "value": 479759.0,
            "min": 11901.0,
            "max": 479759.0,
            "count": 40
        },
        "PlayerBehaviour.Step.sum": {
            "value": 479759.0,
            "min": 11901.0,
            "max": 479759.0,
            "count": 40
        },
        "PlayerBehaviour.Policy.ExtrinsicValueEstimate.mean": {
            "value": -0.43067464232444763,
            "min": -2.973217010498047,
            "max": 0.14807388186454773,
            "count": 40
        },
        "PlayerBehaviour.Policy.ExtrinsicValueEstimate.sum": {
            "value": -6.460119724273682,
            "min": -407.43988037109375,
            "max": 27.245594024658203,
            "count": 40
        },
        "PlayerBehaviour.Environment.CumulativeReward.mean": {
            "value": -5.333333333333333,
            "min": -5.6923076923076925,
            "max": -3.4375,
            "count": 39
        },
        "PlayerBehaviour.Environment.CumulativeReward.sum": {
            "value": -32.0,
            "min": -882.5,
            "max": -21.0,
            "count": 39
        },
        "PlayerBehaviour.Policy.ExtrinsicReward.mean": {
            "value": -5.333333333333333,
            "min": -5.6923076923076925,
            "max": -3.4375,
            "count": 39
        },
        "PlayerBehaviour.Policy.ExtrinsicReward.sum": {
            "value": -32.0,
            "min": -882.5,
            "max": -21.0,
            "count": 39
        },
        "PlayerBehaviour.IsTraining.mean": {
            "value": 1.0,
            "min": 1.0,
            "max": 1.0,
            "count": 40
        },
        "PlayerBehaviour.IsTraining.sum": {
            "value": 1.0,
            "min": 1.0,
            "max": 1.0,
            "count": 40
        },
        "PlayerBehaviour.Losses.PolicyLoss.mean": {
            "value": 0.10102045085347656,
            "min": 0.08916955392477259,
            "max": 0.10592842873423554,
            "count": 37
        },
        "PlayerBehaviour.Losses.PolicyLoss.sum": {
            "value": 0.10102045085347656,
            "min": 0.08916955392477259,
            "max": 0.10592842873423554,
            "count": 37
        },
        "PlayerBehaviour.Losses.ValueLoss.mean": {
            "value": 0.2383282679663659,
            "min": 0.21527107124025305,
            "max": 1.1312035554870565,
            "count": 37
        },
        "PlayerBehaviour.Losses.ValueLoss.sum": {
            "value": 0.2383282679663659,
            "min": 0.21527107124025305,
            "max": 1.1312035554870565,
            "count": 37
        },
        "PlayerBehaviour.Policy.LearningRate.mean": {
            "value": 0.00029714501495166205,
            "min": 0.00029714501495166205,
            "max": 0.00029992799402400196,
            "count": 37
        },
        "PlayerBehaviour.Policy.LearningRate.sum": {
            "value": 0.00029714501495166205,
            "min": 0.00029714501495166205,
            "max": 0.00029992799402400196,
            "count": 37
        },
        "PlayerBehaviour.Policy.Epsilon.mean": {
            "value": 0.19904833800000005,
            "min": 0.19904833800000005,
            "max": 0.19997599800000002,
            "count": 37
        },
        "PlayerBehaviour.Policy.Epsilon.sum": {
            "value": 0.19904833800000005,
            "min": 0.19904833800000005,
            "max": 0.19997599800000002,
            "count": 37
        },
        "PlayerBehaviour.Policy.Beta.mean": {
            "value": 0.0009905785462000001,
            "min": 0.0009905785462000001,
            "max": 0.0009997623802,
            "count": 37
        },
        "PlayerBehaviour.Policy.Beta.sum": {
            "value": 0.0009905785462000001,
            "min": 0.0009905785462000001,
            "max": 0.0009997623802,
            "count": 37
        }
    },
    "metadata": {
        "timer_format_version": "0.1.0",
        "start_time_seconds": "1711877896",
        "python_version": "3.9.16 (main, Mar  8 2023, 10:39:24) [MSC v.1916 64 bit (AMD64)]",
        "command_line_arguments": "C:\\Users\\nivle\\anaconda3\\envs\\mlagent_py3-9\\Scripts\\mlagents-learn ./BasicConfig.yaml --run-id normalized3",
        "mlagents_version": "0.30.0",
        "mlagents_envs_version": "0.30.0",
        "communication_protocol_version": "1.5.0",
        "pytorch_version": "1.7.1+cu110",
        "numpy_version": "1.21.2",
        "end_time_seconds": "1711878625"
    },
    "total": 729.3027129,
    "count": 1,
    "self": 0.005396999999902619,
    "children": {
        "run_training.setup": {
            "total": 0.06671819999999995,
            "count": 1,
            "self": 0.06671819999999995
        },
        "TrainerController.start_learning": {
            "total": 729.2305977000001,
            "count": 1,
            "self": 0.24220710000088275,
            "children": {
                "TrainerController._reset_env": {
                    "total": 11.096378999999999,
                    "count": 1,
                    "self": 11.096378999999999
                },
                "TrainerController.advance": {
                    "total": 717.6786386999993,
                    "count": 11793,
                    "self": 0.24542569999061925,
                    "children": {
                        "env_step": {
                            "total": 278.70265320000624,
                            "count": 11793,
                            "self": 202.51370260000897,
                            "children": {
                                "SubprocessEnvManager._take_step": {
                                    "total": 76.03764899999553,
                                    "count": 11794,
                                    "self": 0.8089036999964492,
                                    "children": {
                                        "TorchPolicy.evaluate": {
                                            "total": 75.22874529999908,
                                            "count": 10622,
                                            "self": 75.22874529999908
                                        }
                                    }
                                },
                                "workers": {
                                    "total": 0.15130160000174975,
                                    "count": 11792,
                                    "self": 0.0,
                                    "children": {
                                        "worker_root": {
                                            "total": 644.0960779000009,
                                            "count": 11792,
                                            "is_parallel": true,
                                            "self": 541.1807744999996,
                                            "children": {
                                                "steps_from_proto": {
                                                    "total": 0.0016251999999994382,
                                                    "count": 2,