{
    "name": "root",
    "gauges": {
        "PlayerBehaviour.Policy.Entropy.mean": {
            "value": 1.250963807106018,
            "min": 1.2504757642745972,
            "max": 1.4189379215240479,
            "count": 29
        },
        "PlayerBehaviour.Policy.Entropy.sum": {
            "value": 14761.373046875,
            "min": 12998.169921875,
            "max": 19794.18359375,
            "count": 29
        },
        "PlayerBehaviour.Environment.EpisodeLength.mean": {
            "value": 269.20454545454544,
            "min": 63.12765957446808,
            "max": 304.1025641025641,
            "count": 29
        },
        "PlayerBehaviour.Environment.EpisodeLength.sum": {
            "value": 11845.0,
            "min": 11790.0,
            "max": 12149.0,
            "count": 29
        },
        "PlayerBehaviour.Step.mean": {
            "value": 347769.0,
            "min": 11985.0,
            "max": 347769.0,
            "count": 29
        },
        "PlayerBehaviour.Step.sum": {
            "value": 347769.0,
            "min": 11985.0,
            "max": 347769.0,
            "count": 29
        },
        "PlayerBehaviour.Policy.ExtrinsicValueEstimate.mean": {
            "value": 0.6668508648872375,
            "min": -2.819028615951538,
            "max": 0.6668508648872375,
            "count": 29
        },
        "PlayerBehaviour.Policy.ExtrinsicValueEstimate.sum": {
            "value": 29.34143829345703,
            "min": -412.595947265625,
            "max": 29.34143829345703,
            "count": 29
        },
        "PlayerBehaviour.Environment.CumulativeReward.mean": {
            "value": 3.477272727272727,
            "min": -4.590909090909091,
            "max": 3.75,
            "count": 29
        },
        "PlayerBehaviour.Environment.CumulativeReward.sum": {
            "value": 153.0,
            "min": -858.5,
            "max": 160.5,
            "count": 29
        },
        "PlayerBehaviour.Policy.ExtrinsicReward.mean": {
            "value": 3.477272727272727,
            "min": -4.590909090909091,
            "max": 3.75,
            "count": 29
        },
        "PlayerBehaviour.Policy.ExtrinsicReward.sum": {
            "value": 153.0,
            "min": -858.5,
            "max": 160.5,
            "count": 29
        },
        "PlayerBehaviour.IsTraining.mean": {
            "value": 1.0,
            "min": 1.0,
            "max": 1.0,
            "count": 29
        },
        "PlayerBehaviour.IsTraining.sum": {
            "value": 1.0,
            "min": 1.0,
            "max": 1.0,
            "count": 29
        },
        "PlayerBehaviour.Losses.PolicyLoss.mean": {
            "value": 0.10389465435138248,
            "min": 0.09181044076226907,
            "max": 0.10451606887244883,
            "count": 28
        },
        "PlayerBehaviour.Losses.PolicyLoss.sum": {
            "value": 0.10389465435138248,
            "min": 0.09181044076226907,
            "max": 0.10451606887244883,
            "count": 28
        },
        "PlayerBehaviour.Losses.ValueLoss.mean": {
            "value": 0.3750721136364845,
            "min": 0.3750721136364845,
            "max": 1.3622996561916163,
            "count": 28
        },
        "PlayerBehaviour.Losses.ValueLoss.sum": {
            "value": 0.3750721136364845,
            "min": 0.3750721136364845,
            "max": 1.3622996561916163,
            "count": 28
        },
        "PlayerBehaviour.Policy.LearningRate.mean": {
            "value": 0.000297963888678704,
            "min": 0.000297963888678704,
            "max": 0.00029992766402411197,
            "count": 28
        },
        "PlayerBehaviour.Policy.LearningRate.sum": {
            "value": 0.000297963888678704,
            "min": 0.000297963888678704,
            "max": 0.00029992766402411197,
            "count": 28
        },
        "PlayerBehaviour.Policy.Epsilon.mean": {
            "value": 0.19932129599999998,
            "min": 0.19932129599999998,
            "max": 0.19997588800000002,
            "count": 28
        },
        "PlayerBehaviour.Policy.Epsilon.sum": {
            "value": 0.19932129599999998,
            "min": 0.19932129599999998,
            "max": 0.19997588800000002,
            "count": 28
        },
        "PlayerBehaviour.Policy.Beta.mean": {
            "value": 0.0009932808303999999,
            "min": 0.0009932808303999999,
            "max": 0.0009997612912,
            "count": 28
        },
        "PlayerBehaviour.Policy.Beta.sum": {
            "value": 0.0009932808303999999,
            "min": 0.0009932808303999999,
            "max": 0.0009997612912,
            "count": 28
        }
    },
    "metadata": {
        "timer_format_version": "0.1.0",
        "start_time_seconds": "1711903697",
        "python_version": "3.9.16 (main, Mar  8 2023, 10:39:24) [MSC v.1916 64 bit (AMD64)]",
        "command_line_arguments": "C:\\Users\\nivle\\anaconda3\\envs\\mlagent_py3-9\\Scripts\\mlagents-learn ./BasicConfig.yaml --run-id onycroit1",
        "mlagents_version": "0.30.0",
        "mlagents_envs_version": "0.30.0",
        "communication_protocol_version": "1.5.0",
        "pytorch_version": "1.7.1+cu110",
        "numpy_version": "1.21.2",
        "end_time_seconds": "1711904225"
    },
    "total": 528.5381711,
    "count": 1,
    "self": 0.005059699999947043,
    "children": {
        "run_training.setup": {
            "total": 0.07015060000000006,
            "count": 1,
            "self": 0.07015060000000006
        },
        "TrainerController.start_learning": {
            "total": 528.4629608,
            "count": 1,
            "self": 0.17016109999872242,
            "children": {
                "TrainerController._reset_env": {
                    "total": 13.041425,
                    "count": 1,
                    "self": 13.041425
                },
                "TrainerController.advance": {
                    "total": 515.0452066000013,
                    "count": 8483,
                    "self": 0.15928570000266973,
                    "children": {
                        "env_step": {
                            "total": 204.15408999999892,
                            "count": 8483,
                            "self": 153.25501080000114,
                            "children": {
                                "SubprocessEnvManager._take_step": {
                                    "total": 50.791901199998414,
                                    "count": 8483,
                                    "self": 0.5241843000010178,
                                    "children": {
                                        "TorchPolicy.evaluate": {
                                            "total": 50.267716899997396,
                                            "count": 7121,
                                            "self": 50.267716899997396
                                        }
                                    }
                                },
                                "workers": {
                                    "total": 0.10717799999935451,
                                    "count": 8482,
                                    "self": 0.0,
                                    "children": {
                                        "worker_root": {
                                            "total": 455.00985959999946,
                                            "count": 8482,
                                            "is_parallel": true,
                                            "self": 379.9599974999993,
                                            "children": {
                                                "steps_from_proto": {
                                                    "total": 0.0009286999999993384,
                                                    "count": 1,
                                                    "is_parallel": true,