{
    "name": "root",
    "metadata": {
        "timer_format_version": "0.1.0",
        "start_time_seconds": "1712162202",
        "python_version": "3.9.16 (main, Mar  8 2023, 10:39:24) [MSC v.1916 64 bit (AMD64)]",
        "command_line_arguments": "C:\\Users\\nivle\\anaconda3\\envs\\mlagent_py3-9\\Scripts\\mlagents-learn ./HighEpsilonConfig.yaml --run-id 2024.04.03_epsilon0.4",
        "mlagents_version": "0.30.0",
        "mlagents_envs_version": "0.30.0",
        "communication_protocol_version": "1.5.0",
        "pytorch_version": "1.7.1+cu110",
        "numpy_version": "1.21.2",
        "end_time_seconds": "1712162290"
    },
    "total": 87.85223260000001,
    "count": 1,
    "self": 10.005725600000005,
    "children": {
        "run_training.setup": {
            "total": 0.09107149999999997,
            "count": 1,
            "self": 0.09107149999999997
        },
        "TrainerController.start_learning": {
            "total": 77.7554355,
            "count": 1,
            "self": 0.021669900000020448,
            "children": {
                "TrainerController._reset_env": {
                    "total": 14.580157100000001,
                    "count": 1,
                    "self": 14.580157100000001
                },
                "TrainerController.advance": {
                    "total": 62.86919959999999,
                    "count": 777,
                    "self": 0.020764599999928635,
                    "children": {
                        "env_step": {
                            "total": 58.881854599999954,
                            "count": 777,
                            "self": 53.490187399999996,
                            "children": {
                                "SubprocessEnvManager._take_step": {
                                    "total": 5.380574299999985,
                                    "count": 778,
                                    "self": 0.056698599999993604,
                                    "children": {
                                        "TorchPolicy.evaluate": {
                                            "total": 5.323875699999991,
                                            "count": 402,
                                            "self": 5.323875699999991
                                        }
                                    }
                                },
                                "workers": {
                                    "total": 0.011092899999969319,
                                    "count": 776,
                                    "self": 0.0,
                                    "children": {
                                        "worker_root": {
                                            "total": 24.237158100000048,
                                            "count": 776,
                                            "is_parallel": true,
                                            "self": 14.435021900000063,
                                            "children": {
                                                "steps_from_proto": {
                                                    "total": 0.005848000000000297,
                                                    "count": 1,
                                                    "is_parallel": true,
                                                    "self": 0.0018100000000007554,
                                                    "children": {
                                                        "_process_rank_one_or_two_observation": {
                                                            "total": 0.004037999999999542,
                                                            "count": 2,
                                                            "is_parallel": true,
                                                            "self": 0.004037999999999542
                                                        }
                                                    }
                                                },
                                                "UnityEnvironment.step": {
                                                    "total": 9.796288199999985,
                                                    "count": 776,
                                                    "is_parallel": true,
                                                    "self": 0.23823059999999785,
                                                    "children": {
                                                        "UnityEnvironment._generate_step_input": {
                                                            "total": 0.6985130000000197,
                                                            "count": 776,
                                                            "is_parallel": true,
                                                            "self": 0.6985130000000197
                                                        },
                                                        "communicator.exchange": {
                                                            "total": 8.371397600000002,
                                                            "count": 776,
                                                            "is_parallel": true,
                                                            "self": 8.371397600000002
                                                        },
                                                        "steps_from_proto": {
                                                            "total": 0.4881469999999659,
                                                            "count": 776,
                                                            "is_parallel": true,
                                                            "self": 0.19955959999989759,
                                                            "children": {
                                                                "_process_rank_one_or_two_observation": {
                                                                    "total": 0.28858740000006833,
                                                                    "count": 1552,
                                                                    "is_parallel": true,
                                                                    "self": 0.28858740000006833
                                                                }
                                                            }
                                                        }
                                                    }
                                                }
                                            }
                                        }
                                    }
                                }
                            }
                        },
                        "trainer_advance": {
                            "total": 3.9665804000001046,
                            "count": 776,
                            "self": 0.0869325000000245,
                            "children": {
                                "process_trajectory": {
                                    "total": 3.87964790000008,
                                    "count": 776,
                                    "self": 3.87964790000008
                                }
                            }
                        }
                    }
                },
                "trainer_threads": {
                    "total": 9.999999974752427e-07,
                    "count": 1,
                    "self": 9.999999974752427e-07
                },
                "TrainerController._save_models": {
                    "total": 0.28440790000000504,
                    "count": 1,
                    "self": 0.0017238000000077136,