{
    "name": "root",
    "gauges": {
        "PlayerBehaviour.Policy.Entropy.mean": {
            "value": 1.2704871892929077,
            "min": 1.2704871892929077,
            "max": 1.4189378023147583,
            "count": 19
        },
        "PlayerBehaviour.Policy.Entropy.sum": {
            "value": 29602.3515625,
            "min": 29602.3515625,
            "max": 36395.75390625,
            "count": 19
        },
        "PlayerBehaviour.Environment.EpisodeLength.mean": {
            "value": 109.11926605504587,
            "min": 65.18457300275482,
            "max": 112.58767772511848,
            "count": 19
        },
        "PlayerBehaviour.Environment.EpisodeLength.sum": {
            "value": 23788.0,
            "min": 23616.0,
            "max": 23946.0,
            "count": 19
        },
        "PlayerBehaviour.Step.mean": {
            "value": 455978.0,
            "min": 23984.0,
            "max": 455978.0,
            "count": 19
        },
        "PlayerBehaviour.Step.sum": {
            "value": 455978.0,
            "min": 23984.0,
            "max": 455978.0,
            "count": 19
        },
        "PlayerBehaviour.Policy.ExtrinsicValueEstimate.mean": {
            "value": 0.8013119697570801,
            "min": -2.671294927597046,
            "max": 0.8013119697570801,
            "count": 19
        },
        "PlayerBehaviour.Policy.ExtrinsicValueEstimate.sum": {
            "value": 174.68600463867188,
            "min": -886.8699340820312,
            "max": 174.68600463867188,
            "count": 19
        },
        "PlayerBehaviour.Environment.CumulativeReward.mean": {
            "value": 3.4541281188299897,
            "min": -4.933145109879768,
            "max": 3.7214392972104426,
            "count": 19
        },
        "PlayerBehaviour.Environment.CumulativeReward.sum": {
            "value": 752.9999299049377,
            "min": -1746.333368897438,
            "max": 792.6665703058243,
            "count": 19
        },
        "PlayerBehaviour.Policy.ExtrinsicReward.mean": {
            "value": 3.4541281188299897,
            "min": -4.933145109879768,
            "max": 3.7214392972104426,
            "count": 19
        },
        "PlayerBehaviour.Policy.ExtrinsicReward.sum": {
            "value": 752.9999299049377,
            "min": -1746.333368897438,
            "max": 792.6665703058243,
            "count": 19
        },
        "PlayerBehaviour.IsTraining.mean": {
            "value": 1.0,
            "min": 1.0,
            "max": 1.0,
            "count": 19
        },
        "PlayerBehaviour.IsTraining.sum": {
            "value": 1.0,
            "min": 1.0,
            "max": 1.0,
            "count": 19
        },
        "PlayerBehaviour.Losses.PolicyLoss.mean": {
            "value": 0.10300242348674159,
            "min": 0.09561215345919805,
            "max": 0.10381073575561298,
            "count": 18
        },
        "PlayerBehaviour.Losses.PolicyLoss.sum": {
            "value": 0.10300242348674159,
            "min": 0.09561215345919805,
            "max": 0.10381073575561298,
            "count": 18
        },
        "PlayerBehaviour.Losses.ValueLoss.mean": {
            "value": 3.7303120893366795,
            "min": 1.8148921404944527,
            "max": 3.9467464095734535,
            "count": 18
        },
        "PlayerBehaviour.Losses.ValueLoss.sum": {
            "value": 3.7303120893366795,
            "min": 1.8148921404944527,
            "max": 3.9467464095734535,
            "count": 18
        },
        "PlayerBehaviour.Policy.LearningRate.mean": {
            "value": 0.000297402000866,
            "min": 0.000297402000866,
            "max": 0.00029985579604806803,
            "count": 18
        },
        "PlayerBehaviour.Policy.LearningRate.sum": {
            "value": 0.000297402000866,
            "min": 0.000297402000866,
            "max": 0.00029985579604806803,
            "count": 18
        },
        "PlayerBehaviour.Policy.Epsilon.mean": {
            "value": 0.19913399999999995,
            "min": 0.19913399999999995,
            "max": 0.19995193200000003,
            "count": 18
        },
        "PlayerBehaviour.Policy.Epsilon.sum": {
            "value": 0.19913399999999995,
            "min": 0.19913399999999995,
            "max": 0.19995193200000003,
            "count": 18
        },
        "PlayerBehaviour.Policy.Beta.mean": {
            "value": 0.0009914266,
            "min": 0.0009914266,
            "max": 0.0009995241268,
            "count": 18
        },
        "PlayerBehaviour.Policy.Beta.sum": {
            "value": 0.0009914266,
            "min": 0.0009914266,
            "max": 0.0009995241268,
            "count": 18
        }
    },
    "metadata": {
        "timer_format_version": "0.1.0",
        "start_time_seconds": "1711910753",
        "python_version": "3.9.16 (main, Mar  8 2023, 10:39:24) [MSC v.1916 64 bit (AMD64)]",
        "command_line_arguments": "C:\\Users\\nivle\\anaconda3\\envs\\mlagent_py3-9\\Scripts\\mlagents-learn ./BasicConfig.yaml --run-id hardstart2",
        "mlagents_version": "0.30.0",
        "mlagents_envs_version": "0.30.0",
        "communication_protocol_version": "1.5.0",
        "pytorch_version": "1.7.1+cu110",
        "numpy_version": "1.21.2",
        "end_time_seconds": "1711911487"
    },
    "total": 734.3138326000001,
    "count": 1,
    "self": 0.005182200000035664,
    "children": {
        "run_training.setup": {
            "total": 0.06856739999999995,
            "count": 1,
            "self": 0.06856739999999995
        },
        "TrainerController.start_learning": {
            "total": 734.240083,
            "count": 1,
            "self": 0.2862874000032889,
            "children": {
                "TrainerController._reset_env": {
                    "total": 10.5761504,
                    "count": 1,
                    "self": 10.5761504
                },
                "TrainerController.advance": {
                    "total": 723.1486241999968,
                    "count": 13086,
                    "self": 0.25293469999826357,
                    "children": {
                        "env_step": {
                            "total": 277.05657790000237,
                            "count": 13086,
                            "self": 207.36332789999653,
                            "children": {
                                "SubprocessEnvManager._take_step": {
                                    "total": 69.52341960000285,
                                    "count": 13086,
                                    "self": 0.7722065000016158,
                                    "children": {
                                        "TorchPolicy.evaluate": {
                                            "total": 68.75121310000124,
                                            "count": 9257,
                                            "self": 68.75121310000124
                                        }
                                    }
                                },
                                "workers": {
                                    "total": 0.169830400002974,
                                    "count": 13085,
                                    "self": 0.0,
                                    "children": {
                                        "worker_root": {
                                            "total": 662.7256748999988,
                                            "count": 13085,
                                            "is_parallel": true,
                                            "self": 540.3234183999986,
                                            "children": {
                                                "steps_from_proto": {
                                                    "total": 0.0006850000000007128,
                                                    "count": 1,