{
    "name": "root",
    "metadata": {
        "timer_format_version": "0.1.0",
        "start_time_seconds": "1712240283",
        "python_version": "3.9.16 (main, Mar  8 2023, 10:39:24) [MSC v.1916 64 bit (AMD64)]",
        "command_line_arguments": "C:\\Users\\nivle\\anaconda3\\envs\\mlagent_py3-9\\Scripts\\mlagents-learn ./ManyAgentsConfig.yaml --run-id 2024.04.04_LookingToInertia_1",
        "mlagents_version": "0.30.0",
        "mlagents_envs_version": "0.30.0",
        "communication_protocol_version": "1.5.0",
        "pytorch_version": "1.7.1+cu110",
        "numpy_version": "1.21.2",
        "end_time_seconds": "1712240345"
    },
    "total": 62.0294677,
    "count": 1,
    "self": 10.0094736,
    "children": {
        "run_training.setup": {
            "total": 0.07881549999999993,
            "count": 1,
            "self": 0.07881549999999993
        },
        "TrainerController.start_learning": {
            "total": 51.9411786,
            "count": 1,
            "self": 0.013379399999969621,
            "children": {
                "TrainerController._reset_env": {
                    "total": 10.8291088,
                    "count": 1,
                    "self": 10.8291088
                },
                "TrainerController.advance": {
                    "total": 40.85160230000003,
                    "count": 610,
                    "self": 0.011805399999971655,
                    "children": {
                        "env_step": {
                            "total": 38.34922790000004,
                            "count": 610,
                            "self": 35.454257600000034,
                            "children": {
                                "SubprocessEnvManager._take_step": {
                                    "total": 2.887683600000001,
                                    "count": 611,
                                    "self": 0.03296800000004296,
                                    "children": {
                                        "TorchPolicy.evaluate": {
                                            "total": 2.854715599999958,
                                            "count": 312,
                                            "self": 2.854715599999958
                                        }
                                    }
                                },
                                "workers": {
                                    "total": 0.007286699999999868,
                                    "count": 609,
                                    "self": 0.0,
                                    "children": {
                                        "worker_root": {
                                            "total": 16.740768899999935,
                                            "count": 609,
                                            "is_parallel": true,
                                            "self": 8.62890359999993,
                                            "children": {
                                                "steps_from_proto": {
                                                    "total": 0.0012214999999997644,
                                                    "count": 1,
                                                    "is_parallel": true,
                                                    "self": 0.0006455999999985806,
                                                    "children": {
                                                        "_process_rank_one_or_two_observation": {
                                                            "total": 0.0005759000000011838,
                                                            "count": 2,
                                                            "is_parallel": true,
                                                            "self": 0.0005759000000011838
                                                        }
                                                    }
                                                },
                                                "UnityEnvironment.step": {
                                                    "total": 8.110643800000005,
                                                    "count": 609,
                                                    "is_parallel": true,
                                                    "self": 0.1725608999999526,
                                                    "children": {
                                                        "UnityEnvironment._generate_step_input": {
                                                            "total": 0.5472846999999952,
                                                            "count": 609,
                                                            "is_parallel": true,
                                                            "self": 0.5472846999999952
                                                        },
                                                        "communicator.exchange": {
                                                            "total": 7.039140600000016,
                                                            "count": 609,
                                                            "is_parallel": true,
                                                            "self": 7.039140600000016
                                                        },
                                                        "steps_from_proto": {
                                                            "total": 0.351657600000042,
                                                            "count": 609,
                                                            "is_parallel": true,
                                                            "self": 0.14074980000000537,
                                                            "children": {
                                                                "_process_rank_one_or_two_observation": {
                                                                    "total": 0.21090780000003662,
                                                                    "count": 1218,
                                                                    "is_parallel": true,
                                                                    "self": 0.21090780000003662
                                                                }
                                                            }
                                                        }
                                                    }
                                                }
                                            }
                                        }
                                    }
                                }
                            }
                        },
                        "trainer_advance": {
                            "total": 2.490569000000022,
                            "count": 609,
                            "self": 0.049171100000011236,
                            "children": {
                                "process_trajectory": {
                                    "total": 2.441397900000011,
                                    "count": 609,
                                    "self": 2.441397900000011
                                }
                            }
                        }
                    }
                },
                "trainer_threads": {
                    "total": 1.3999999950442543e-06,
                    "count": 1,
                    "self": 1.3999999950442543e-06
                },
                "TrainerController._save_models": {
                    "total": 0.2470867000000041,
                    "count": 1,
                    "self": 0.0010825000000096452,