{
    "name": "root",
    "metadata": {
        "timer_format_version": "0.1.0",
        "start_time_seconds": "1711961820",
        "python_version": "3.9.16 (main, Mar  8 2023, 10:39:24) [MSC v.1916 64 bit (AMD64)]",
        "command_line_arguments": "C:\\Users\\nivle\\anaconda3\\envs\\mlagent_py3-9\\Scripts\\mlagents-learn ./ManyAgentsConfig.yaml --run-id 01.04.24_ManyAgents_1 --force",
        "mlagents_version": "0.30.0",
        "mlagents_envs_version": "0.30.0",
        "communication_protocol_version": "1.5.0",
        "pytorch_version": "1.7.1+cu110",
        "numpy_version": "1.21.2",
        "end_time_seconds": "1711961902"
    },
    "total": 81.18019740000001,
    "count": 1,
    "self": 10.006796899999998,
    "children": {
        "run_training.setup": {
            "total": 0.07109109999999985,
            "count": 1,
            "self": 0.07109109999999985
        },
        "TrainerController.start_learning": {
            "total": 71.10230940000001,
            "count": 1,
            "self": 0.026084200000084934,
            "children": {
                "TrainerController._reset_env": {
                    "total": 10.980405999999999,
                    "count": 1,
                    "self": 10.980405999999999
                },
                "TrainerController.advance": {
                    "total": 59.96724759999992,
                    "count": 1223,
                    "self": 0.022076100000006704,
                    "children": {
                        "env_step": {
                            "total": 55.12977829999995,
                            "count": 1223,
                            "self": 50.56741749999995,
                            "children": {
                                "SubprocessEnvManager._take_step": {
                                    "total": 4.548224200000043,
                                    "count": 1224,
                                    "self": 0.05842240000000487,
                                    "children": {
                                        "TorchPolicy.evaluate": {
                                            "total": 4.489801800000038,
                                            "count": 628,
                                            "self": 4.489801800000038
                                        }
                                    }
                                },
                                "workers": {
                                    "total": 0.01413659999995609,
                                    "count": 1222,
                                    "self": 0.0,
                                    "children": {
                                        "worker_root": {
                                            "total": 25.991039699999956,
                                            "count": 1222,
                                            "is_parallel": true,
                                            "self": 13.112556499999899,
                                            "children": {
                                                "steps_from_proto": {
                                                    "total": 0.0008499999999997954,
                                                    "count": 1,
                                                    "is_parallel": true,
                                                    "self": 0.0002956999999987886,
                                                    "children": {
                                                        "_process_rank_one_or_two_observation": {
                                                            "total": 0.0005543000000010068,
                                                            "count": 2,
                                                            "is_parallel": true,
                                                            "self": 0.0005543000000010068
                                                        }
                                                    }
                                                },
                                                "UnityEnvironment.step": {
                                                    "total": 12.877633200000057,
                                                    "count": 1222,
                                                    "is_parallel": true,
                                                    "self": 0.3319430000000523,
                                                    "children": {
                                                        "UnityEnvironment._generate_step_input": {
                                                            "total": 1.080673900000047,
                                                            "count": 1222,
                                                            "is_parallel": true,
                                                            "self": 1.080673900000047
                                                        },
                                                        "communicator.exchange": {
                                                            "total": 10.755805599999984,
                                                            "count": 1222,
                                                            "is_parallel": true,
                                                            "self": 10.755805599999984
                                                        },
                                                        "steps_from_proto": {
                                                            "total": 0.7092106999999732,
                                                            "count": 1222,
                                                            "is_parallel": true,
                                                            "self": 0.28473130000012503,
                                                            "children": {
                                                                "_process_rank_one_or_two_observation": {
                                                                    "total": 0.4244793999998482,
                                                                    "count": 2444,
                                                                    "is_parallel": true,
                                                                    "self": 0.4244793999998482
                                                                }
                                                            }
                                                        }
                                                    }
                                                }
                                            }
                                        }
                                    }
                                }
                            }
                        },
                        "trainer_advance": {
                            "total": 4.815393199999969,
                            "count": 1222,
                            "self": 0.09493470000006532,
                            "children": {
                                "process_trajectory": {
                                    "total": 4.7204584999999035,
                                    "count": 1222,
                                    "self": 4.7204584999999035
                                }
                            }
                        }
                    }
                },
                "trainer_threads": {
                    "total": 7.999999951380232e-07,
                    "count": 1,
                    "self": 7.999999951380232e-07
                },
                "TrainerController._save_models": {
                    "total": 0.12857080000000565,
                    "count": 1,
                    "self": 0.0008734000000032438,