{
    "name": "root",
    "gauges": {
        "PlayerBehaviour.Policy.Entropy.mean": {
            "value": 1.3124611377716064,
            "min": 1.3124611377716064,
            "max": 1.4189378023147583,
            "count": 12
        },
        "PlayerBehaviour.Policy.Entropy.sum": {
            "value": 34865.53125,
            "min": 16381.70703125,
            "max": 34865.53125,
            "count": 12
        },
        "PlayerBehaviour.Environment.EpisodeLength.mean": {
            "value": 538.8125,
            "min": 67.27118644067797,
            "max": 538.8125,
            "count": 12
        },
        "PlayerBehaviour.Environment.EpisodeLength.sum": {
            "value": 8621.0,
            "min": 8621.0,
            "max": 12302.0,
            "count": 12
        },
        "PlayerBehaviour.Step.mean": {
            "value": 143793.0,
            "min": 11977.0,
            "max": 143793.0,
            "count": 12
        },
        "PlayerBehaviour.Step.sum": {
            "value": 143793.0,
            "min": 11977.0,
            "max": 143793.0,
            "count": 12
        },
        "PlayerBehaviour.Policy.ExtrinsicValueEstimate.mean": {
            "value": -1.4454172849655151,
            "min": -3.118300199508667,
            "max": -0.2838461101055145,
            "count": 12
        },
        "PlayerBehaviour.Policy.ExtrinsicValueEstimate.sum": {
            "value": -30.353763580322266,
            "min": -379.291259765625,
            "max": -30.353763580322266,
            "count": 12
        },
        "PlayerBehaviour.Environment.CumulativeReward.mean": {
            "value": -6.53125,
            "min": -7.2727272727272725,
            "max": -4.292613636363637,
            "count": 12
        },
        "PlayerBehaviour.Environment.CumulativeReward.sum": {
            "value": -104.5,
            "min": -755.5,
            "max": -104.5,
            "count": 12
        },
        "PlayerBehaviour.Policy.ExtrinsicReward.mean": {
            "value": -6.53125,
            "min": -7.2727272727272725,
            "max": -4.292613636363637,
            "count": 12
        },
        "PlayerBehaviour.Policy.ExtrinsicReward.sum": {
            "value": -104.5,
            "min": -755.5,
            "max": -104.5,
            "count": 12
        },
        "PlayerBehaviour.IsTraining.mean": {
            "value": 1.0,
            "min": 1.0,
            "max": 1.0,
            "count": 12
        },
        "PlayerBehaviour.IsTraining.sum": {
            "value": 1.0,
            "min": 1.0,
            "max": 1.0,
            "count": 12
        },
        "PlayerBehaviour.Losses.PolicyLoss.mean": {
            "value": 0.09634687619649415,
            "min": 0.09171622119191165,
            "max": 0.10985332333974367,
            "count": 11
        },
        "PlayerBehaviour.Losses.PolicyLoss.sum": {
            "value": 0.09634687619649415,
            "min": 0.09171622119191165,
            "max": 0.10985332333974367,
            "count": 11
        },
        "PlayerBehaviour.Losses.ValueLoss.mean": {
            "value": 0.5057993669989248,
            "min": 0.5057993669989248,
            "max": 2.9535564339541374,
            "count": 11
        },
        "PlayerBehaviour.Losses.ValueLoss.sum": {
            "value": 0.5057993669989248,
            "min": 0.5057993669989248,
            "max": 2.9535564339541374,
            "count": 11
        },
        "PlayerBehaviour.Policy.LearningRate.mean": {
            "value": 0.0002991994922668359,
            "min": 0.0002991994922668359,
            "max": 0.00029992749602416805,
            "count": 11
        },
        "PlayerBehaviour.Policy.LearningRate.sum": {
            "value": 0.0002991994922668359,
            "min": 0.0002991994922668359,
            "max": 0.00029992749602416805,
            "count": 11
        },
        "PlayerBehaviour.Policy.Epsilon.mean": {
            "value": 0.199733164,
            "min": 0.199733164,
            "max": 0.199975832,
            "count": 11
        },
        "PlayerBehaviour.Policy.Epsilon.sum": {
            "value": 0.199733164,
            "min": 0.199733164,
            "max": 0.199975832,
            "count": 11
        },
        "PlayerBehaviour.Policy.Beta.mean": {
            "value": 0.0009973583236,
            "min": 0.0009973583236,
            "max": 0.0009997607367999998,
            "count": 11
        },
        "PlayerBehaviour.Policy.Beta.sum": {
            "value": 0.0009973583236,
            "min": 0.0009973583236,
            "max": 0.0009997607367999998,
            "count": 11
        }
    },
    "metadata": {
        "timer_format_version": "0.1.0",
        "start_time_seconds": "1711899224",
        "python_version": "3.9.16 (main, Mar  8 2023, 10:39:24) [MSC v.1916 64 bit (AMD64)]",
        "command_line_arguments": "C:\\Users\\nivle\\anaconda3\\envs\\mlagent_py3-9\\Scripts\\mlagents-learn ./BasicConfig.yaml --run-id normalized6",
        "mlagents_version": "0.30.0",
        "mlagents_envs_version": "0.30.0",
        "communication_protocol_version": "1.5.0",
        "pytorch_version": "1.7.1+cu110",
        "numpy_version": "1.21.2",
        "end_time_seconds": "1711899556"
    },
    "total": 331.48828960000003,
    "count": 1,
    "self": 10.006443499999989,
    "children": {
        "run_training.setup": {
            "total": 0.07489999999999997,
            "count": 1,
            "self": 0.07489999999999997
        },
        "TrainerController.start_learning": {
            "total": 321.4069461,
            "count": 1,
            "self": 0.21740460000057737,
            "children": {
                "TrainerController._reset_env": {
                    "total": 13.2321899,
                    "count": 1,
                    "self": 13.2321899
                },
                "TrainerController.advance": {
                    "total": 307.7279224999995,
                    "count": 11637,
                    "self": 0.19976739999822257,
                    "children": {
                        "env_step": {
                            "total": 166.8046627000013,
                            "count": 11637,
                            "self": 89.40048279999996,
                            "children": {
                                "SubprocessEnvManager._take_step": {
                                    "total": 77.26166600000239,
                                    "count": 11638,
                                    "self": 0.6884168000027415,
                                    "children": {
                                        "TorchPolicy.evaluate": {
                                            "total": 76.57324919999965,
                                            "count": 10914,
                                            "self": 76.57324919999965
                                        }
                                    }
                                },
                                "workers": {
                                    "total": 0.1425138999989386,
                                    "count": 11636,
                                    "self": 0.0,
                                    "children": {
                                        "worker_root": {
                                            "total": 296.5918064000007,
                                            "count": 11636,
                                            "is_parallel": true,
                                            "self": 233.4072862999982,
                                            "children": {
                                                "steps_from_proto": {
                                                    "total": 0.0013447000000006426,
                                                    "count": 2,
                                                    "is_parallel": true,