{
    "name": "root",
    "gauges": {
        "PlayerBehaviour.Policy.Entropy.mean": {
            "value": 1.4189378023147583,
            "min": 1.4189378023147583,
            "max": 1.4189378023147583,
            "count": 1
        },
        "PlayerBehaviour.Policy.Entropy.sum": {
            "value": 203050.0,
            "min": 203050.0,
            "max": 203050.0,
            "count": 1
        },
        "PlayerBehaviour.Environment.EpisodeLength.mean": {
            "value": 419.36538461538464,
            "min": 419.36538461538464,
            "max": 419.36538461538464,
            "count": 1
        },
        "PlayerBehaviour.Environment.EpisodeLength.sum": {
            "value": 43614.0,
            "min": 43614.0,
            "max": 43614.0,
            "count": 1
        },
        "PlayerBehaviour.Step.mean": {
            "value": 99718.0,
            "min": 49718.0,
            "max": 99718.0,
            "count": 2
        },
        "PlayerBehaviour.Step.sum": {
            "value": 99718.0,
            "min": 49718.0,
            "max": 99718.0,
            "count": 2
        },
        "PlayerBehaviour.Policy.ExtrinsicValueEstimate.mean": {
            "value": 0.5174407362937927,
            "min": 0.18901453912258148,
            "max": 0.5174407362937927,
            "count": 2
        },
        "PlayerBehaviour.Policy.ExtrinsicValueEstimate.sum": {
            "value": 25.872037887573242,
            "min": 20.79159927368164,
            "max": 25.872037887573242,
            "count": 2
        },
        "PlayerBehaviour.Policy.GailValueEstimate.mean": {
            "value": -0.46753403544425964,
            "min": -0.46753403544425964,
            "max": -0.3258523643016815,
            "count": 2
        },
        "PlayerBehaviour.Policy.GailValueEstimate.sum": {
            "value": -23.37670135498047,
            "min": -35.8437614440918,
            "max": -23.37670135498047,
            "count": 2
        },
        "PlayerBehaviour.Environment.CumulativeReward.mean": {
            "value": -23.62660378446946,
            "min": -23.62660378446946,
            "max": -23.62660378446946,
            "count": 1
        },
        "PlayerBehaviour.Environment.CumulativeReward.sum": {
            "value": -2457.1667935848236,
            "min": -2457.1667935848236,
            "max": -2457.1667935848236,
            "count": 1
        },
        "PlayerBehaviour.Policy.ExtrinsicReward.mean": {
            "value": -23.62660378446946,
            "min": -23.62660378446946,
            "max": -23.62660378446946,
            "count": 1
        },
        "PlayerBehaviour.Policy.ExtrinsicReward.sum": {
            "value": -2457.1667935848236,
            "min": -2457.1667935848236,
            "max": -2457.1667935848236,
            "count": 1
        },
        "PlayerBehaviour.Policy.GailReward.mean": {
            "value": 147.87396141198965,
            "min": 147.87396141198965,
            "max": 147.87396141198965,
            "count": 1
        },
        "PlayerBehaviour.Policy.GailReward.sum": {
            "value": 15378.891986846924,
            "min": 15378.891986846924,
            "max": 15378.891986846924,
            "count": 1
        },
        "PlayerBehaviour.IsTraining.mean": {
            "value": 1.0,
            "min": 1.0,
            "max": 1.0,
            "count": 2
        },
        "PlayerBehaviour.IsTraining.sum": {
            "value": 1.0,
            "min": 1.0,
            "max": 1.0,
            "count": 2
        }
    },
    "metadata": {
        "timer_format_version": "0.1.0",
        "start_time_seconds": "1712221835",
        "python_version": "3.9.16 (main, Mar  8 2023, 10:39:24) [MSC v.1916 64 bit (AMD64)]",
        "command_line_arguments": "C:\\Users\\nivle\\anaconda3\\envs\\mlagent_py3-9\\Scripts\\mlagents-learn ./ImitationLearningConfig.yaml --run-id 2024.04.04_Imitation_2",
        "mlagents_version": "0.30.0",
        "mlagents_envs_version": "0.30.0",
        "communication_protocol_version": "1.5.0",
        "pytorch_version": "1.7.1+cu110",
        "numpy_version": "1.21.2",
        "end_time_seconds": "1712221960"
    },
    "total": 124.86775560000001,
    "count": 1,
    "self": 0.011488800000009292,
    "children": {
        "run_training.setup": {
            "total": 0.06776099999999996,
            "count": 1,
            "self": 0.06776099999999996
        },
        "TrainerController.start_learning": {
            "total": 124.7885058,
            "count": 1,
            "self": 0.027280299999986823,
            "children": {
                "TrainerController._reset_env": {
                    "total": 13.096547,
                    "count": 1,
                    "self": 12.9030957,
                    "children": {
                        "demo_to_buffer": {
                            "total": 0.19345129999999955,
                            "count": 2,
                            "self": 6.819999999763127e-05,
                            "children": {
                                "load_demonstration": {
                                    "total": 0.0036792000000005487,
                                    "count": 2,
                                    "self": 0.003610400000001235,
                                    "children": {
                                        "read_file": {
                                            "total": 6.879999999931385e-05,
                                            "count": 2,
                                            "self": 6.879999999931385e-05
                                        }
                                    }
                                },
                                "make_demo_buffer": {
                                    "total": 0.18970390000000137,
                                    "count": 2,
                                    "self": 0.03395919999994845,
                                    "children": {
                                        "steps_from_proto": {
                                            "total": 0.15574470000005292,
                                            "count": 1580,
                                            "self": 0.11227930000004704,
                                            "children": {
                                                "_process_rank_one_or_two_observation": {
                                                    "total": 0.04346540000000587,
                                                    "count": 3160,
                                                    "self": 0.04346540000000587
                                                }
                                            }
                                        }
                                    }
                                }
                            }
                        }
                    }
                },
                "TrainerController.advance": {
                    "total": 111.4747011,
                    "count": 1434,
                    "self": 0.03393410000006725,
                    "children": {
                        "env_step": {
                            "total": 38.876790699999994,
                            "count": 1434,
                            "self": 27.50118200000003,
                            "children": {
                                "SubprocessEnvManager._take_step": {
                                    "total": 11.358296399999979,
                                    "count": 1434,
                                    "self": 0.13481860000000623,
                                    "children": {
                                        "TorchPolicy.evaluate": {
                                            "total": 11.223477799999973,
                                            "count": 1431,