{
    "name": "root",
    "gauges": {
        "PlayerBehaviour.Policy.Entropy.mean": {
            "value": 1.4189378023147583,
            "min": 1.4189378023147583,
            "max": 1.4189378023147583,
            "count": 1
        },
        "PlayerBehaviour.Policy.Entropy.sum": {
            "value": 76480.75,
            "min": 76480.75,
            "max": 76480.75,
            "count": 1
        },
        "PlayerBehaviour.Environment.EpisodeLength.mean": {
            "value": 59.63151515151515,
            "min": 59.63151515151515,
            "max": 59.63151515151515,
            "count": 1
        },
        "PlayerBehaviour.Environment.EpisodeLength.sum": {
            "value": 49196.0,
            "min": 49196.0,
            "max": 49196.0,
            "count": 1
        },
        "PlayerBehaviour.Step.mean": {
            "value": 49937.0,
            "min": 49937.0,
            "max": 49937.0,
            "count": 1
        },
        "PlayerBehaviour.Step.sum": {
            "value": 49937.0,
            "min": 49937.0,
            "max": 49937.0,
            "count": 1
        },
        "PlayerBehaviour.Policy.ExtrinsicValueEstimate.mean": {
            "value": -0.05263366550207138,
            "min": -0.05263366550207138,
            "max": -0.05263366550207138,
            "count": 1
        },
        "PlayerBehaviour.Policy.ExtrinsicValueEstimate.sum": {
            "value": -43.370140075683594,
            "min": -43.370140075683594,
            "max": -43.370140075683594,
            "count": 1
        },
        "PlayerBehaviour.Policy.GailValueEstimate.mean": {
            "value": -0.16608068346977234,
            "min": -0.16608068346977234,
            "max": -0.16608068346977234,
            "count": 1
        },
        "PlayerBehaviour.Policy.GailValueEstimate.sum": {
            "value": -136.85047912597656,
            "min": -136.85047912597656,
            "max": -136.85047912597656,
            "count": 1
        },
        "PlayerBehaviour.Environment.CumulativeReward.mean": {
            "value": -4.659182951577659,
            "min": -4.659182951577659,
            "max": -4.659182951577659,
            "count": 1
        },
        "PlayerBehaviour.Environment.CumulativeReward.sum": {
            "value": -3839.166752099991,
            "min": -3839.166752099991,
            "max": -3839.166752099991,
            "count": 1
        },
        "PlayerBehaviour.Policy.ExtrinsicReward.mean": {
            "value": -4.659182951577659,
            "min": -4.659182951577659,
            "max": -4.659182951577659,
            "count": 1
        },
        "PlayerBehaviour.Policy.ExtrinsicReward.sum": {
            "value": -3839.166752099991,
            "min": -3839.166752099991,
            "max": -3839.166752099991,
            "count": 1
        },
        "PlayerBehaviour.Policy.GailReward.mean": {
            "value": 21.54459045928659,
            "min": 21.54459045928659,
            "max": 21.54459045928659,
            "count": 1
        },
        "PlayerBehaviour.Policy.GailReward.sum": {
            "value": 17752.74253845215,
            "min": 17752.74253845215,
            "max": 17752.74253845215,
            "count": 1
        },
        "PlayerBehaviour.IsTraining.mean": {
            "value": 1.0,
            "min": 1.0,
            "max": 1.0,
            "count": 1
        },
        "PlayerBehaviour.IsTraining.sum": {
            "value": 1.0,
            "min": 1.0,
            "max": 1.0,
            "count": 1
        }
    },
    "metadata": {
        "timer_format_version": "0.1.0",
        "start_time_seconds": "1712221994",
        "python_version": "3.9.16 (main, Mar  8 2023, 10:39:24) [MSC v.1916 64 bit (AMD64)]",
        "command_line_arguments": "C:\\Users\\nivle\\anaconda3\\envs\\mlagent_py3-9\\Scripts\\mlagents-learn ./ImitationLearningConfig.yaml --run-id 2024.04.04_Imitation_3",
        "mlagents_version": "0.30.0",
        "mlagents_envs_version": "0.30.0",
        "communication_protocol_version": "1.5.0",
        "pytorch_version": "1.7.1+cu110",
        "numpy_version": "1.21.2",
        "end_time_seconds": "1712222050"
    },
    "total": 56.028171699999994,
    "count": 1,
    "self": 0.007203199999992194,
    "children": {
        "run_training.setup": {
            "total": 0.06844689999999987,
            "count": 1,
            "self": 0.06844689999999987
        },
        "TrainerController.start_learning": {
            "total": 55.952521600000004,
            "count": 1,
            "self": 0.025121600000083788,
            "children": {
                "TrainerController._reset_env": {
                    "total": 7.6264427999999995,
                    "count": 1,
                    "self": 7.386370399999999,
                    "children": {
                        "demo_to_buffer": {
                            "total": 0.24007240000000074,
                            "count": 2,
                            "self": 8.00000000005241e-05,
                            "children": {
                                "load_demonstration": {
                                    "total": 0.006670599999999638,
                                    "count": 2,
                                    "self": 0.006264999999999077,
                                    "children": {
                                        "read_file": {
                                            "total": 0.00040560000000056107,
                                            "count": 2,
                                            "self": 0.00040560000000056107
                                        }
                                    }
                                },
                                "make_demo_buffer": {
                                    "total": 0.23332180000000058,
                                    "count": 2,
                                    "self": 0.04159759999997448,
                                    "children": {
                                        "steps_from_proto": {
                                            "total": 0.1917242000000261,
                                            "count": 1580,
                                            "self": 0.13845639999996529,
                                            "children": {
                                                "_process_rank_one_or_two_observation": {
                                                    "total": 0.053267800000060817,
                                                    "count": 3160,
                                                    "self": 0.053267800000060817
                                                }
                                            }
                                        }
                                    }
                                }
                            }
                        }
                    }
                },
                "TrainerController.advance": {
                    "total": 48.18043349999992,
                    "count": 1100,
                    "self": 0.023101899999886655,
                    "children": {
                        "env_step": {
                            "total": 18.925393300000035,
                            "count": 1100,
                            "self": 14.258583899999953,
                            "children": {
                                "SubprocessEnvManager._take_step": {
                                    "total": 4.653859300000041,
                                    "count": 1100,
                                    "self": 0.05519940000003132,
                                    "children": {
                                        "TorchPolicy.evaluate": {
                                            "total": 4.59865990000001,
                                            "count": 539,