{
    "name": "root",
    "metadata": {
        "timer_format_version": "0.1.0",
        "start_time_seconds": "1711621095",
        "python_version": "3.9.16 (main, Mar  8 2023, 10:39:24) [MSC v.1916 64 bit (AMD64)]",
        "command_line_arguments": "C:\\Users\\nivle\\anaconda3\\envs\\mlagent_py3-9\\Scripts\\mlagents-learn BasicConfig.yaml --run-id=test2",
        "mlagents_version": "0.30.0",
        "mlagents_envs_version": "0.30.0",
        "communication_protocol_version": "1.5.0",
        "pytorch_version": "1.7.1+cu110",
        "numpy_version": "1.21.2",
        "end_time_seconds": "1711621197"
    },
    "total": 101.849707,
    "count": 1,
    "self": 0.006419200000010505,
    "children": {
        "run_training.setup": {
            "total": 0.07421190000000011,
            "count": 1,
            "self": 0.07421190000000011
        },
        "TrainerController.start_learning": {
            "total": 101.76907589999999,
            "count": 1,
            "self": 0.019763499999896794,
            "children": {
                "TrainerController._reset_env": {
                    "total": 18.455918200000003,
                    "count": 1,
                    "self": 18.455918200000003
                },
                "TrainerController.advance": {
                    "total": 83.0233126000001,
                    "count": 1031,
                    "self": 0.018558600000190495,
                    "children": {
                        "env_step": {
                            "total": 82.5729709,
                            "count": 1031,
                            "self": 72.58246650000015,
                            "children": {
                                "SubprocessEnvManager._take_step": {
                                    "total": 9.978107999999864,
                                    "count": 1031,
                                    "self": 0.06116079999977231,
                                    "children": {
                                        "TorchPolicy.evaluate": {
                                            "total": 9.916947200000092,
                                            "count": 1031,
                                            "self": 9.916947200000092
                                        }
                                    }
                                },
                                "workers": {
                                    "total": 0.012396399999978769,
                                    "count": 1030,
                                    "self": 0.0,
                                    "children": {
                                        "worker_root": {
                                            "total": 24.83785209999997,
                                            "count": 1030,
                                            "is_parallel": true,
                                            "self": 14.761447200000113,
                                            "children": {
                                                "steps_from_proto": {
                                                    "total": 0.0053580999999987,
                                                    "count": 1,
                                                    "is_parallel": true,
                                                    "self": 0.0015885999999980527,
                                                    "children": {
                                                        "_process_rank_one_or_two_observation": {
                                                            "total": 0.0037695000000006473,
                                                            "count": 2,
                                                            "is_parallel": true,
                                                            "self": 0.0037695000000006473
                                                        }
                                                    }
                                                },
                                                "UnityEnvironment.step": {
                                                    "total": 10.07104679999986,
                                                    "count": 1030,
                                                    "is_parallel": true,
                                                    "self": 0.1148671000000192,
                                                    "children": {
                                                        "UnityEnvironment._generate_step_input": {
                                                            "total": 0.23957769999987022,
                                                            "count": 1030,
                                                            "is_parallel": true,
                                                            "self": 0.23957769999987022
                                                        },
                                                        "communicator.exchange": {
                                                            "total": 9.372332800000056,
                                                            "count": 1030,
                                                            "is_parallel": true,
                                                            "self": 9.372332800000056
                                                        },
                                                        "steps_from_proto": {
                                                            "total": 0.3442691999999141,
                                                            "count": 1030,
                                                            "is_parallel": true,
                                                            "self": 0.1931841999998234,
                                                            "children": {
                                                                "_process_rank_one_or_two_observation": {
                                                                    "total": 0.15108500000009073,
                                                                    "count": 2060,
                                                                    "is_parallel": true,
                                                                    "self": 0.15108500000009073
                                                                }
                                                            }
                                                        }
                                                    }
                                                }
                                            }
                                        }
                                    }
                                }
                            }
                        },
                        "trainer_advance": {
                            "total": 0.4317830999999117,
                            "count": 1030,
                            "self": 0.02030889999993235,
                            "children": {
                                "process_trajectory": {
                                    "total": 0.41147419999997936,
                                    "count": 1030,
                                    "self": 0.41147419999997936
                                }
                            }
                        }
                    }
                },
                "TrainerController._save_models": {
                    "total": 0.2700815999999975,
                    "count": 1,
                    "self": 0.0010742999999990843,
                    "children": {
                        "RLTrainer._checkpoint": {
                            "total": 0.2690072999999984,
                            "count": 1,