{
    "name": "root",
    "gauges": {
        "PlayerBehaviour.Policy.Entropy.mean": {
            "value": 1.4219555854797363,
            "min": 1.4219555854797363,
            "max": 1.427930474281311,
            "count": 5
        },
        "PlayerBehaviour.Policy.Entropy.sum": {
            "value": 70984.0234375,
            "min": 70984.0234375,
            "max": 72012.9921875,
            "count": 5
        },
        "PlayerBehaviour.Step.mean": {
            "value": 249984.0,
            "min": 49984.0,
            "max": 249984.0,
            "count": 5
        },
        "PlayerBehaviour.Step.sum": {
            "value": 249984.0,
            "min": 49984.0,
            "max": 249984.0,
            "count": 5
        },
        "PlayerBehaviour.Policy.ExtrinsicValueEstimate.mean": {
            "value": -0.9295913577079773,
            "min": -13.62704086303711,
            "max": -0.9295913577079773,
            "count": 5
        },
        "PlayerBehaviour.Policy.ExtrinsicValueEstimate.sum": {
            "value": -726.9404296875,
            "min": -10642.71875,
            "max": -726.9404296875,
            "count": 5
        },
        "PlayerBehaviour.Losses.PolicyLoss.mean": {
            "value": 0.02556929759011837,
            "min": 0.022240735833702275,
            "max": 0.02556929759011837,
            "count": 5
        },
        "PlayerBehaviour.Losses.PolicyLoss.sum": {
            "value": 0.10227719036047347,
            "min": 0.09090410424347889,
            "max": 0.12593800156416063,
            "count": 5
        },
        "PlayerBehaviour.Losses.ValueLoss.mean": {
            "value": 0.017973892382966976,
            "min": 0.017973892382966976,
            "max": 0.9330731553335985,
            "count": 5
        },
        "PlayerBehaviour.Losses.ValueLoss.sum": {
            "value": 0.0718955695318679,
            "min": 0.0718955695318679,
            "max": 3.732292621334394,
            "count": 5
        },
        "PlayerBehaviour.Policy.LearningRate.mean": {
            "value": 0.000166176044608,
            "min": 0.000166176044608,
            "max": 0.00028368000544000003,
            "count": 5
        },
        "PlayerBehaviour.Policy.LearningRate.sum": {
            "value": 0.000664704178432,
            "min": 0.000664704178432,
            "max": 0.00127152007616,
            "count": 5
        },
        "PlayerBehaviour.Policy.Epsilon.mean": {
            "value": 0.155392,
            "min": 0.155392,
            "max": 0.19456,
            "count": 5
        },
        "PlayerBehaviour.Policy.Epsilon.sum": {
            "value": 0.621568,
            "min": 0.621568,
            "max": 0.9238400000000001,
            "count": 5
        },
        "PlayerBehaviour.Policy.Beta.mean": {
            "value": 0.0027740608000000003,
            "min": 0.0027740608000000003,
            "max": 0.004728544,
            "count": 5
        },
        "PlayerBehaviour.Policy.Beta.sum": {
            "value": 0.011096243200000001,
            "min": 0.011096243200000001,
            "max": 0.02119961599999999,
            "count": 5
        },
        "PlayerBehaviour.IsTraining.mean": {
            "value": 1.0,
            "min": 1.0,
            "max": 1.0,
            "count": 5
        },
        "PlayerBehaviour.IsTraining.sum": {
            "value": 1.0,
            "min": 1.0,
            "max": 1.0,
            "count": 5
        }
    },
    "metadata": {
        "timer_format_version": "0.1.0",
        "start_time_seconds": "1711811709",
        "python_version": "3.9.16 (main, Mar  8 2023, 10:39:24) [MSC v.1916 64 bit (AMD64)]",
        "command_line_arguments": "C:\\Users\\nivle\\anaconda3\\envs\\mlagent_py3-9\\Scripts\\mlagents-learn --run-id=trainingv2",
        "mlagents_version": "0.30.0",
        "mlagents_envs_version": "0.30.0",
        "communication_protocol_version": "1.5.0",
        "pytorch_version": "1.7.1+cu110",
        "numpy_version": "1.21.2",
        "end_time_seconds": "1711812114"
    },
    "total": 405.1857443,
    "count": 1,
    "self": 10.006918100000007,
    "children": {
        "run_training.setup": {
            "total": 0.022872000000000003,
            "count": 1,
            "self": 0.022872000000000003
        },
        "TrainerController.start_learning": {
            "total": 395.1559542,
            "count": 1,
            "self": 0.4629747000034854,
            "children": {
                "TrainerController._reset_env": {
                    "total": 10.534903199999999,
                    "count": 1,
                    "self": 10.534903199999999
                },
                "TrainerController.advance": {
                    "total": 383.9134488999965,
                    "count": 25517,
                    "self": 0.4308794999965926,
                    "children": {
                        "env_step": {
                            "total": 322.24375790000363,
                            "count": 25517,
                            "self": 156.97407250000754,
                            "children": {
                                "SubprocessEnvManager._take_step": {
                                    "total": 164.96756489999794,
                                    "count": 25517,
                                    "self": 1.4300294999999892,
                                    "children": {
                                        "TorchPolicy.evaluate": {
                                            "total": 163.53753539999795,
                                            "count": 25517,
                                            "self": 163.53753539999795
                                        }
                                    }
                                },
                                "workers": {
                                    "total": 0.3021204999981535,
                                    "count": 25516,
                                    "self": 0.0,
                                    "children": {
                                        "worker_root": {
                                            "total": 385.9332142000017,
                                            "count": 25516,
                                            "is_parallel": true,
                                            "self": 255.93951650000815,
                                            "children": {
                                                "steps_from_proto": {
                                                    "total": 0.0007558999999996985,
                                                    "count": 1,
                                                    "is_parallel": true,
                                                    "self": 0.00030150000000084276,
                                                    "children": {
                                                        "_process_rank_one_or_two_observation": {
                                                            "total": 0.0004543999999988557,
                                                            "count": 2,
                                                            "is_parallel": true,
                                                            "self": 0.0004543999999988557
                                                        }
                                                    }
                                                },
                                                "UnityEnvironment.step": {
                                                    "total": 129.99294179999356,
                                                    "count": 25516,
                                                    "is_parallel": true,
                                                    "self": 2.661570199992468,