{
    "name": "root",
    "metadata": {
        "timer_format_version": "0.1.0",
        "start_time_seconds": "1712240167",
        "python_version": "3.9.16 (main, Mar  8 2023, 10:39:24) [MSC v.1916 64 bit (AMD64)]",
        "command_line_arguments": "C:\\Users\\nivle\\anaconda3\\envs\\mlagent_py3-9\\Scripts\\mlagents-learn ./ManyAgentsConfig.yaml --run-id 2024.04.04_LookingToInertia_0",
        "mlagents_version": "0.30.0",
        "mlagents_envs_version": "0.30.0",
        "communication_protocol_version": "1.5.0",
        "pytorch_version": "1.7.1+cu110",
        "numpy_version": "1.21.2",
        "end_time_seconds": "1712240277"
    },
    "total": 109.757999,
    "count": 1,
    "self": 0.0070279999999911524,
    "children": {
        "run_training.setup": {
            "total": 0.0858184999999998,
            "count": 1,
            "self": 0.0858184999999998
        },
        "TrainerController.start_learning": {
            "total": 109.6651525,
            "count": 1,
            "self": 0.028629500000150188,
            "children": {
                "TrainerController._reset_env": {
                    "total": 21.088649,
                    "count": 1,
                    "self": 21.088649
                },
                "TrainerController.advance": {
                    "total": 88.30189789999986,
                    "count": 1126,
                    "self": 0.024159599999975967,
                    "children": {
                        "env_step": {
                            "total": 82.76479349999991,
                            "count": 1126,
                            "self": 76.42968419999987,
                            "children": {
                                "SubprocessEnvManager._take_step": {
                                    "total": 6.321433899999899,
                                    "count": 1126,
                                    "self": 0.06307969999977558,
                                    "children": {
                                        "TorchPolicy.evaluate": {
                                            "total": 6.258354200000124,
                                            "count": 507,
                                            "self": 6.258354200000124
                                        }
                                    }
                                },
                                "workers": {
                                    "total": 0.013675400000142446,
                                    "count": 1125,
                                    "self": 0.0,
                                    "children": {
                                        "worker_root": {
                                            "total": 30.185607599999944,
                                            "count": 1125,
                                            "is_parallel": true,
                                            "self": 17.827647400000064,
                                            "children": {
                                                "steps_from_proto": {
                                                    "total": 0.006168900000002253,
                                                    "count": 1,
                                                    "is_parallel": true,
                                                    "self": 0.001954100000002512,
                                                    "children": {
                                                        "_process_rank_one_or_two_observation": {
                                                            "total": 0.004214799999999741,
                                                            "count": 2,
                                                            "is_parallel": true,
                                                            "self": 0.004214799999999741
                                                        }
                                                    }
                                                },
                                                "UnityEnvironment.step": {
                                                    "total": 12.351791299999878,
                                                    "count": 1125,
                                                    "is_parallel": true,
                                                    "self": 0.2928317000002103,
                                                    "children": {
                                                        "UnityEnvironment._generate_step_input": {
                                                            "total": 0.8951176999999824,
                                                            "count": 1125,
                                                            "is_parallel": true,
                                                            "self": 0.8951176999999824
                                                        },
                                                        "communicator.exchange": {
                                                            "total": 10.583422699999911,
                                                            "count": 1125,
                                                            "is_parallel": true,
                                                            "self": 10.583422699999911
                                                        },
                                                        "steps_from_proto": {
                                                            "total": 0.5804191999997741,
                                                            "count": 1125,
                                                            "is_parallel": true,
                                                            "self": 0.23716249999968042,
                                                            "children": {
                                                                "_process_rank_one_or_two_observation": {
                                                                    "total": 0.3432567000000937,
                                                                    "count": 2250,
                                                                    "is_parallel": true,
                                                                    "self": 0.3432567000000937
                                                                }
                                                            }
                                                        }
                                                    }
                                                }
                                            }
                                        }
                                    }
                                }
                            }
                        },
                        "trainer_advance": {
                            "total": 5.512944799999971,
                            "count": 1125,
                            "self": 0.08628470000008548,
                            "children": {
                                "process_trajectory": {
                                    "total": 5.426660099999886,
                                    "count": 1125,
                                    "self": 5.426660099999886
                                }
                            }
                        }
                    }
                },
                "TrainerController._save_models": {
                    "total": 0.24597609999999293,
                    "count": 1,
                    "self": 0.0010622999999867488,
                    "children": {
                        "RLTrainer._checkpoint": {
                            "total": 0.24491380000000618,
                            "count": 1,