{
    "name": "root",
    "gauges": {
        "PlayerBehaviour.Policy.Entropy.mean": {
            "value": 1.3377569913864136,
            "min": 1.3377569913864136,
            "max": 1.424007534980774,
            "count": 15
        },
        "PlayerBehaviour.Policy.Entropy.sum": {
            "value": 17591.50390625,
            "min": 15990.275390625,
            "max": 19845.412109375,
            "count": 15
        },
        "PlayerBehaviour.Environment.EpisodeLength.mean": {
            "value": 144.14634146341464,
            "min": 61.248704663212436,
            "max": 144.14634146341464,
            "count": 15
        },
        "PlayerBehaviour.Environment.EpisodeLength.sum": {
            "value": 11820.0,
            "min": 11808.0,
            "max": 12066.0,
            "count": 15
        },
        "PlayerBehaviour.Step.mean": {
            "value": 179890.0,
            "min": 11964.0,
            "max": 179890.0,
            "count": 15
        },
        "PlayerBehaviour.Step.sum": {
            "value": 179890.0,
            "min": 11964.0,
            "max": 179890.0,
            "count": 15
        },
        "PlayerBehaviour.Policy.ExtrinsicValueEstimate.mean": {
            "value": -1.3032560348510742,
            "min": -1.3032560348510742,
            "max": 0.07354942709207535,
            "count": 15
        },
        "PlayerBehaviour.Policy.ExtrinsicValueEstimate.sum": {
            "value": -106.86699676513672,
            "min": -106.86699676513672,
            "max": 14.121489524841309,
            "count": 15
        },
        "PlayerBehaviour.Environment.CumulativeReward.mean": {
            "value": -4.036585365853658,
            "min": -4.036585365853658,
            "max": -0.03260869565217391,
            "count": 15
        },
        "PlayerBehaviour.Environment.CumulativeReward.sum": {
            "value": -331.0,
            "min": -347.0,
            "max": -3.0,
            "count": 15
        },
        "PlayerBehaviour.Policy.ExtrinsicReward.mean": {
            "value": -4.036585365853658,
            "min": -4.036585365853658,
            "max": -0.03260869565217391,
            "count": 15
        },
        "PlayerBehaviour.Policy.ExtrinsicReward.sum": {
            "value": -331.0,
            "min": -347.0,
            "max": -3.0,
            "count": 15
        },
        "PlayerBehaviour.IsTraining.mean": {
            "value": 1.0,
            "min": 1.0,
            "max": 1.0,
            "count": 15
        },
        "PlayerBehaviour.IsTraining.sum": {
            "value": 1.0,
            "min": 1.0,
            "max": 1.0,
            "count": 15
        },
        "PlayerBehaviour.Losses.PolicyLoss.mean": {
            "value": 0.09742267578820879,
            "min": 0.0929821365617287,
            "max": 0.10584438315901072,
            "count": 14
        },
        "PlayerBehaviour.Losses.PolicyLoss.sum": {
            "value": 0.09742267578820879,
            "min": 0.0929821365617287,
            "max": 0.10584438315901072,
            "count": 14
        },
        "PlayerBehaviour.Losses.ValueLoss.mean": {
            "value": 0.40396488840302464,
            "min": 0.034070171302693054,
            "max": 0.40396488840302464,
            "count": 14
        },
        "PlayerBehaviour.Losses.ValueLoss.sum": {
            "value": 0.40396488840302464,
            "min": 0.034070171302693054,
            "max": 0.40396488840302464,
            "count": 14
        },
        "PlayerBehaviour.Policy.LearningRate.mean": {
            "value": 0.00029898745233751604,
            "min": 0.00029898745233751604,
            "max": 0.0002999279160240281,
            "count": 14
        },
        "PlayerBehaviour.Policy.LearningRate.sum": {
            "value": 0.00029898745233751604,
            "min": 0.00029898745233751604,
            "max": 0.0002999279160240281,
            "count": 14
        },
        "PlayerBehaviour.Policy.Epsilon.mean": {
            "value": 0.19966248400000003,
            "min": 0.19966248400000003,
            "max": 0.19997597200000003,
            "count": 14
        },
        "PlayerBehaviour.Policy.Epsilon.sum": {
            "value": 0.19966248400000003,
            "min": 0.19966248400000003,
            "max": 0.19997597200000003,
            "count": 14
        },
        "PlayerBehaviour.Policy.Beta.mean": {
            "value": 0.0009966585916,
            "min": 0.0009966585916,
            "max": 0.0009997621228,
            "count": 14
        },
        "PlayerBehaviour.Policy.Beta.sum": {
            "value": 0.0009966585916,
            "min": 0.0009966585916,
            "max": 0.0009997621228,
            "count": 14
        }
    },
    "metadata": {
        "timer_format_version": "0.1.0",
        "start_time_seconds": "1711876020",
        "python_version": "3.9.16 (main, Mar  8 2023, 10:39:24) [MSC v.1916 64 bit (AMD64)]",
        "command_line_arguments": "C:\\Users\\nivle\\anaconda3\\envs\\mlagent_py3-9\\Scripts\\mlagents-learn ./BasicConfig.yaml --run-id normalized2",
        "mlagents_version": "0.30.0",
        "mlagents_envs_version": "0.30.0",
        "communication_protocol_version": "1.5.0",
        "pytorch_version": "1.7.1+cu110",
        "numpy_version": "1.21.2",
        "end_time_seconds": "1711876300"
    },
    "total": 279.7522833,
    "count": 1,
    "self": 10.006851200000028,
    "children": {
        "run_training.setup": {
            "total": 0.0827053000000002,
            "count": 1,
            "self": 0.0827053000000002
        },
        "TrainerController.start_learning": {
            "total": 269.6627268,
            "count": 1,
            "self": 0.1017860000012547,
            "children": {
                "TrainerController._reset_env": {
                    "total": 11.6499361,
                    "count": 1,
                    "self": 11.6499361
                },
                "TrainerController.advance": {
                    "total": 257.7039639999987,
                    "count": 5040,
                    "self": 0.09075949999942168,
                    "children": {
                        "env_step": {
                            "total": 90.96230439999877,
                            "count": 5040,
                            "self": 61.87429199999932,
                            "children": {
                                "SubprocessEnvManager._take_step": {
                                    "total": 29.027827499999727,
                                    "count": 5041,
                                    "self": 0.2766311000001842,
                                    "children": {
                                        "TorchPolicy.evaluate": {
                                            "total": 28.751196399999543,
                                            "count": 3768,
                                            "self": 28.751196399999543
                                        }
                                    }
                                },
                                "workers": {
                                    "total": 0.06018489999972232,
                                    "count": 5039,
                                    "self": 0.0,
                                    "children": {
                                        "worker_root": {
                                            "total": 248.15680169999996,
                                            "count": 5039,
                                            "is_parallel": true,
                                            "self": 207.22110599999954,
                                            "children": {
                                                "steps_from_proto": {
                                                    "total": 0.00448710000000041,
                                                    "count": 2,